run,evaluator,metric,value,n,source,calibrated
baseline,quality,LPIPS,0.591621629222515,15,/home/ab575577/memcam_results/eval_prefix_duration_curves_60s_budget_sweep/baseline/metrics.jsonl,
baseline,quality,FVD,784.9425971537707,15,/home/ab575577/memcam_results/eval_prefix_duration_curves_60s_b32/baseline/summary.json,
baseline,vbench,subject_consistency,0.8052884308463344,15,/lustre/fs1/home/ab575577/memcam_results/budget_metrics_60s_820776/task_001_baseline_vbench/vbench_pry6xhlx/results_2026-09-17-11:40:46_eval_results.json,
baseline,vbench,background_consistency,0.9016168873212491,15,/lustre/fs1/home/ab575577/memcam_results/budget_metrics_60s_820776/task_001_baseline_vbench/vbench_pry6xhlx/results_2026-09-17-11:40:46_eval_results.json,
baseline,vbench,motion_smoothness,0.9927109441686454,15,/lustre/fs1/home/ab575577/memcam_results/budget_metrics_60s_820776/task_001_baseline_vbench/vbench_pry6xhlx/results_2026-09-17-11:40:46_eval_results.json,
baseline,vbench,dynamic_degree,1.0,15,/lustre/fs1/home/ab575577/memcam_results/budget_metrics_60s_820776/task_001_baseline_vbench/vbench_pry6xhlx/results_2026-09-17-11:40:46_eval_results.json,
baseline,vbench,aesthetic_quality,0.4542244791984558,15,/lustre/fs1/home/ab575577/memcam_results/budget_metrics_60s_820776/task_001_baseline_vbench/vbench_pry6xhlx/results_2026-09-17-11:40:46_eval_results.json,
baseline,vbench,imaging_quality,0.49251946846252165,15,/lustre/fs1/home/ab575577/memcam_results/budget_metrics_60s_820776/task_001_baseline_vbench/vbench_pry6xhlx/results_2026-09-17-11:40:46_eval_results.json,
baseline,vbench-long,subject_consistency,0.9526085470816116,15,/lustre/fs1/home/ab575577/memcam_results/matched15_metrics_60s/baseline_vbench-long__asnvg1a,
baseline,vbench-long,background_consistency,0.955235050132606,15,/lustre/fs1/home/ab575577/memcam_results/matched15_metrics_60s/baseline_vbench-long__asnvg1a,
baseline,vbench-long,motion_smoothness,0.9928457301267896,15,/lustre/fs1/home/ab575577/memcam_results/matched15_metrics_60s/baseline_vbench-long__asnvg1a,
baseline,vbench-long,dynamic_degree,0.9311827956989247,15,/lustre/fs1/home/ab575577/memcam_results/matched15_metrics_60s/baseline_vbench-long__asnvg1a,
baseline,vbench-long,aesthetic_quality,0.4344896205650863,15,/lustre/fs1/home/ab575577/memcam_results/matched15_metrics_60s/baseline_vbench-long__asnvg1a,
baseline,vbench-long,imaging_quality,0.4762679504866241,15,/lustre/fs1/home/ab575577/memcam_results/matched15_metrics_60s/baseline_vbench-long__asnvg1a,
baseline,cut3r,rotation_error_deg_mean,35.56190746666667,15,/lustre/fs1/home/ab575577/memcam_results/matched15_metrics_60s/baseline_cut3r_hoycgzw6,False
baseline,cut3r,translation_error_scale_only_mean,4.682331066666666,15,/lustre/fs1/home/ab575577/memcam_results/matched15_metrics_60s/baseline_cut3r_hoycgzw6,False
baseline,cut3r,translation_error_sim3_mean,2.5739965333333332,15,/lustre/fs1/home/ab575577/memcam_results/matched15_metrics_60s/baseline_cut3r_hoycgzw6,False
fifo_b16,quality,LPIPS,0.6243057181320759,15,/home/ab575577/memcam_results/eval_prefix_duration_curves_60s_budget_sweep/fifo_b16/metrics.jsonl,
fifo_b16,quality,FVD,808.8162308024362,15,/home/ab575577/memcam_results/eval_prefix_duration_curves_60s_budget_sweep/fifo_b16/summary.json,
fifo_b16,vbench,subject_consistency,0.7661138829265922,15,/lustre/fs1/home/ab575577/memcam_results/budget_metrics_60s_820776/task_005_fifo_b16_vbench/vbench_z8c4mnq3/results_2026-09-16-11:01:39_eval_results.json,
fifo_b16,vbench,background_consistency,0.896111319915593,15,/lustre/fs1/home/ab575577/memcam_results/budget_metrics_60s_820776/task_005_fifo_b16_vbench/vbench_z8c4mnq3/results_2026-09-16-11:01:39_eval_results.json,
fifo_b16,vbench,motion_smoothness,0.9929651487355454,15,/lustre/fs1/home/ab575577/memcam_results/budget_metrics_60s_820776/task_005_fifo_b16_vbench/vbench_z8c4mnq3/results_2026-09-16-11:01:39_eval_results.json,
fifo_b16,vbench,dynamic_degree,1.0,15,/lustre/fs1/home/ab575577/memcam_results/budget_metrics_60s_820776/task_005_fifo_b16_vbench/vbench_z8c4mnq3/results_2026-09-16-11:01:39_eval_results.json,
fifo_b16,vbench,aesthetic_quality,0.45268136461575825,15,/lustre/fs1/home/ab575577/memcam_results/budget_metrics_60s_820776/task_005_fifo_b16_vbench/vbench_z8c4mnq3/results_2026-09-16-11:01:39_eval_results.json,
fifo_b16,vbench,imaging_quality,0.512218814768334,15,/lustre/fs1/home/ab575577/memcam_results/budget_metrics_60s_820776/task_005_fifo_b16_vbench/vbench_z8c4mnq3/results_2026-09-16-11:01:39_eval_results.json,
fifo_b16,vbench-long,subject_consistency,0.9556584596703067,15,/lustre/fs1/home/ab575577/memcam_results/budget_metrics_60s_820776/task_006_fifo_b16_vbench-long/fifo_b16_vbench-long_c72hx217,
fifo_b16,vbench-long,background_consistency,0.9568254557675363,15,/lustre/fs1/home/ab575577/memcam_results/budget_metrics_60s_820776/task_006_fifo_b16_vbench-long/fifo_b16_vbench-long_c72hx217,
fifo_b16,vbench-long,motion_smoothness,0.9930996323229927,15,/lustre/fs1/home/ab575577/memcam_results/budget_metrics_60s_820776/task_006_fifo_b16_vbench-long/fifo_b16_vbench-long_c72hx217,
fifo_b16,vbench-long,dynamic_degree,0.9118279569892473,15,/lustre/fs1/home/ab575577/memcam_results/budget_metrics_60s_820776/task_006_fifo_b16_vbench-long/fifo_b16_vbench-long_c72hx217,
fifo_b16,vbench-long,aesthetic_quality,0.43477764911549066,15,/lustre/fs1/home/ab575577/memcam_results/budget_metrics_60s_820776/task_006_fifo_b16_vbench-long/fifo_b16_vbench-long_c72hx217,
fifo_b16,vbench-long,imaging_quality,0.49611725305605103,15,/lustre/fs1/home/ab575577/memcam_results/budget_metrics_60s_820776/task_006_fifo_b16_vbench-long/fifo_b16_vbench-long_c72hx217,
fifo_b16,cut3r,rotation_error_deg_mean,47.433437866666665,15,/lustre/fs1/home/ab575577/memcam_results/budget_metrics_60s_820776/task_007_fifo_b16_cut3r/fifo_b16_cut3r_2o43r3bd,False
fifo_b16,cut3r,translation_error_scale_only_mean,4.623138066666667,15,/lustre/fs1/home/ab575577/memcam_results/budget_metrics_60s_820776/task_007_fifo_b16_cut3r/fifo_b16_cut3r_2o43r3bd,False
fifo_b16,cut3r,translation_error_sim3_mean,2.673291,15,/lustre/fs1/home/ab575577/memcam_results/budget_metrics_60s_820776/task_007_fifo_b16_cut3r/fifo_b16_cut3r_2o43r3bd,False
fifo_b32,quality,LPIPS,0.6221724438582816,15,/home/ab575577/memcam_results/eval_prefix_duration_curves_60s_budget_sweep/fifo_b32/metrics.jsonl,
fifo_b32,quality,FVD,832.246477899537,15,/home/ab575577/memcam_results/eval_prefix_duration_curves_60s_b32/fifo_b32/summary.json,
fifo_b32,vbench,subject_consistency,0.770138990531583,15,/lustre/fs1/home/ab575577/memcam_results/budget_metrics_60s_820776/task_009_fifo_b32_vbench/vbench_6vlahosp/results_2026-09-16-12:37:50_eval_results.json,
fifo_b32,vbench,background_consistency,0.8949734693382219,15,/lustre/fs1/home/ab575577/memcam_results/budget_metrics_60s_820776/task_009_fifo_b32_vbench/vbench_6vlahosp/results_2026-09-16-12:37:50_eval_results.json,
fifo_b32,vbench,motion_smoothness,0.992803019668912,15,/lustre/fs1/home/ab575577/memcam_results/budget_metrics_60s_820776/task_009_fifo_b32_vbench/vbench_6vlahosp/results_2026-09-16-12:37:50_eval_results.json,
fifo_b32,vbench,dynamic_degree,1.0,15,/lustre/fs1/home/ab575577/memcam_results/budget_metrics_60s_820776/task_009_fifo_b32_vbench/vbench_6vlahosp/results_2026-09-16-12:37:50_eval_results.json,
fifo_b32,vbench,aesthetic_quality,0.4534789562225342,15,/lustre/fs1/home/ab575577/memcam_results/budget_metrics_60s_820776/task_009_fifo_b32_vbench/vbench_6vlahosp/results_2026-09-16-12:37:50_eval_results.json,
fifo_b32,vbench,imaging_quality,0.5078425662621624,15,/lustre/fs1/home/ab575577/memcam_results/budget_metrics_60s_820776/task_009_fifo_b32_vbench/vbench_6vlahosp/results_2026-09-16-12:37:50_eval_results.json,
fifo_b32,vbench-long,subject_consistency,0.9546592143204544,15,/lustre/fs1/home/ab575577/memcam_results/matched15_metrics_60s/fifo_b32_vbench-long_o5rko8je,
fifo_b32,vbench-long,background_consistency,0.9558392842763129,15,/lustre/fs1/home/ab575577/memcam_results/matched15_metrics_60s/fifo_b32_vbench-long_o5rko8je,
fifo_b32,vbench-long,motion_smoothness,0.9929571642765849,15,/lustre/fs1/home/ab575577/memcam_results/matched15_metrics_60s/fifo_b32_vbench-long_o5rko8je,
fifo_b32,vbench-long,dynamic_degree,0.9118279569892473,15,/lustre/fs1/home/ab575577/memcam_results/matched15_metrics_60s/fifo_b32_vbench-long_o5rko8je,
fifo_b32,vbench-long,aesthetic_quality,0.4349013811798506,15,/lustre/fs1/home/ab575577/memcam_results/matched15_metrics_60s/fifo_b32_vbench-long_o5rko8je,
fifo_b32,vbench-long,imaging_quality,0.48945105981519144,15,/lustre/fs1/home/ab575577/memcam_results/matched15_metrics_60s/fifo_b32_vbench-long_o5rko8je,
fifo_b32,cut3r,rotation_error_deg_mean,47.8196388,15,/lustre/fs1/home/ab575577/memcam_results/matched15_metrics_60s/fifo_b32_cut3r_r9jz2zas,False
fifo_b32,cut3r,translation_error_scale_only_mean,4.608095466666667,15,/lustre/fs1/home/ab575577/memcam_results/matched15_metrics_60s/fifo_b32_cut3r_r9jz2zas,False
fifo_b32,cut3r,translation_error_sim3_mean,2.709647,15,/lustre/fs1/home/ab575577/memcam_results/matched15_metrics_60s/fifo_b32_cut3r_r9jz2zas,False
fifo_b64,quality,LPIPS,0.620987713732375,15,/home/ab575577/memcam_results/eval_prefix_duration_curves_60s_budget_sweep/fifo_b64/metrics.jsonl,
fifo_b64,quality,FVD,783.4165176498022,15,/home/ab575577/memcam_results/eval_prefix_duration_curves_60s_b64/fifo_b64/summary.json,
fifo_b64,vbench,subject_consistency,0.775428853511037,15,/lustre/fs1/home/ab575577/memcam_results/budget_metrics_60s_820776/task_013_fifo_b64_vbench/vbench_8y_8cdct/results_2026-09-16-12:45:54_eval_results.json,
fifo_b64,vbench,background_consistency,0.8951879400956003,15,/lustre/fs1/home/ab575577/memcam_results/budget_metrics_60s_820776/task_013_fifo_b64_vbench/vbench_8y_8cdct/results_2026-09-16-12:45:54_eval_results.json,
fifo_b64,vbench,motion_smoothness,0.9928087157257248,15,/lustre/fs1/home/ab575577/memcam_results/budget_metrics_60s_820776/task_013_fifo_b64_vbench/vbench_8y_8cdct/results_2026-09-16-12:45:54_eval_results.json,
fifo_b64,vbench,dynamic_degree,1.0,15,/lustre/fs1/home/ab575577/memcam_results/budget_metrics_60s_820776/task_013_fifo_b64_vbench/vbench_8y_8cdct/results_2026-09-16-12:45:54_eval_results.json,
fifo_b64,vbench,aesthetic_quality,0.45443490346272786,15,/lustre/fs1/home/ab575577/memcam_results/budget_metrics_60s_820776/task_013_fifo_b64_vbench/vbench_8y_8cdct/results_2026-09-16-12:45:54_eval_results.json,
fifo_b64,vbench,imaging_quality,0.5096536659791154,15,/lustre/fs1/home/ab575577/memcam_results/budget_metrics_60s_820776/task_013_fifo_b64_vbench/vbench_8y_8cdct/results_2026-09-16-12:45:54_eval_results.json,
fifo_b64,vbench-long,subject_consistency,0.9544084371423157,15,/lustre/fs1/home/ab575577/memcam_results/budget_metrics_60s_820776/task_014_fifo_b64_vbench-long/fifo_b64_vbench-long_608lrbgd,
fifo_b64,vbench-long,background_consistency,0.9564929210168386,15,/lustre/fs1/home/ab575577/memcam_results/budget_metrics_60s_820776/task_014_fifo_b64_vbench-long/fifo_b64_vbench-long_608lrbgd,
fifo_b64,vbench-long,motion_smoothness,0.9929811419599672,15,/lustre/fs1/home/ab575577/memcam_results/budget_metrics_60s_820776/task_014_fifo_b64_vbench-long/fifo_b64_vbench-long_608lrbgd,
fifo_b64,vbench-long,dynamic_degree,0.9182795698924732,15,/lustre/fs1/home/ab575577/memcam_results/budget_metrics_60s_820776/task_014_fifo_b64_vbench-long/fifo_b64_vbench-long_608lrbgd,
fifo_b64,vbench-long,aesthetic_quality,0.43514885338403847,15,/lustre/fs1/home/ab575577/memcam_results/budget_metrics_60s_820776/task_014_fifo_b64_vbench-long/fifo_b64_vbench-long_608lrbgd,
fifo_b64,vbench-long,imaging_quality,0.49141671313419133,15,/lustre/fs1/home/ab575577/memcam_results/budget_metrics_60s_820776/task_014_fifo_b64_vbench-long/fifo_b64_vbench-long_608lrbgd,
fifo_b64,cut3r,rotation_error_deg_mean,45.739005533333334,15,/lustre/fs1/home/ab575577/memcam_results/budget_metrics_60s_820776/task_015_fifo_b64_cut3r/fifo_b64_cut3r_mw9ylbgq,False
fifo_b64,cut3r,translation_error_scale_only_mean,4.6125831999999996,15,/lustre/fs1/home/ab575577/memcam_results/budget_metrics_60s_820776/task_015_fifo_b64_cut3r/fifo_b64_cut3r_mw9ylbgq,False
fifo_b64,cut3r,translation_error_sim3_mean,2.7531654666666667,15,/lustre/fs1/home/ab575577/memcam_results/budget_metrics_60s_820776/task_015_fifo_b64_cut3r/fifo_b64_cut3r_mw9ylbgq,False
fifo_b128,quality,LPIPS,0.6190747867236576,15,/home/ab575577/memcam_results/eval_prefix_duration_curves_60s_budget_sweep/fifo_b128/metrics.jsonl,
fifo_b128,quality,FVD,739.848732566867,15,/home/ab575577/memcam_results/eval_prefix_duration_curves_60s_budget_sweep/fifo_b128/summary.json,
fifo_b128,vbench,subject_consistency,0.7871284702983385,15,/lustre/fs1/home/ab575577/memcam_results/budget_metrics_60s_820776/task_017_fifo_b128_vbench/vbench_x5pk8lnq/results_2026-09-16-14:44:12_eval_results.json,
fifo_b128,vbench,background_consistency,0.8952939128318028,15,/lustre/fs1/home/ab575577/memcam_results/budget_metrics_60s_820776/task_017_fifo_b128_vbench/vbench_x5pk8lnq/results_2026-09-16-14:44:12_eval_results.json,
fifo_b128,vbench,motion_smoothness,0.9931205317747471,15,/lustre/fs1/home/ab575577/memcam_results/budget_metrics_60s_820776/task_017_fifo_b128_vbench/vbench_x5pk8lnq/results_2026-09-16-14:44:12_eval_results.json,
fifo_b128,vbench,dynamic_degree,1.0,15,/lustre/fs1/home/ab575577/memcam_results/budget_metrics_60s_820776/task_017_fifo_b128_vbench/vbench_x5pk8lnq/results_2026-09-16-14:44:12_eval_results.json,
fifo_b128,vbench,aesthetic_quality,0.4569487551848094,15,/lustre/fs1/home/ab575577/memcam_results/budget_metrics_60s_820776/task_017_fifo_b128_vbench/vbench_x5pk8lnq/results_2026-09-16-14:44:12_eval_results.json,
fifo_b128,vbench,imaging_quality,0.4926153765973653,15,/lustre/fs1/home/ab575577/memcam_results/budget_metrics_60s_820776/task_017_fifo_b128_vbench/vbench_x5pk8lnq/results_2026-09-16-14:44:12_eval_results.json,
fifo_b128,vbench-long,subject_consistency,0.9537525182873846,15,/lustre/fs1/home/ab575577/memcam_results/budget_metrics_60s_820776/task_018_fifo_b128_vbench-long/fifo_b128_vbench-long_qnr7zwv8,
fifo_b128,vbench-long,background_consistency,0.9561891098292483,15,/lustre/fs1/home/ab575577/memcam_results/budget_metrics_60s_820776/task_018_fifo_b128_vbench-long/fifo_b128_vbench-long_qnr7zwv8,
fifo_b128,vbench-long,motion_smoothness,0.9932264108580495,15,/lustre/fs1/home/ab575577/memcam_results/budget_metrics_60s_820776/task_018_fifo_b128_vbench-long/fifo_b128_vbench-long_qnr7zwv8,
fifo_b128,vbench-long,dynamic_degree,0.9268817204301075,15,/lustre/fs1/home/ab575577/memcam_results/budget_metrics_60s_820776/task_018_fifo_b128_vbench-long/fifo_b128_vbench-long_qnr7zwv8,
fifo_b128,vbench-long,aesthetic_quality,0.4365190277817429,15,/lustre/fs1/home/ab575577/memcam_results/budget_metrics_60s_820776/task_018_fifo_b128_vbench-long/fifo_b128_vbench-long_qnr7zwv8,
fifo_b128,vbench-long,imaging_quality,0.4769791991004807,15,/lustre/fs1/home/ab575577/memcam_results/budget_metrics_60s_820776/task_018_fifo_b128_vbench-long/fifo_b128_vbench-long_qnr7zwv8,
fifo_b128,cut3r,rotation_error_deg_mean,44.9229854,15,/lustre/fs1/home/ab575577/memcam_results/budget_metrics_60s_820776/task_019_fifo_b128_cut3r/fifo_b128_cut3r_isoeaw31,False
fifo_b128,cut3r,translation_error_scale_only_mean,4.5567562,15,/lustre/fs1/home/ab575577/memcam_results/budget_metrics_60s_820776/task_019_fifo_b128_cut3r/fifo_b128_cut3r_isoeaw31,False
fifo_b128,cut3r,translation_error_sim3_mean,2.6574094666666666,15,/lustre/fs1/home/ab575577/memcam_results/budget_metrics_60s_820776/task_019_fifo_b128_cut3r/fifo_b128_cut3r_isoeaw31,False
ri_b16_dino_rgb,quality,LPIPS,0.5849537214340611,15,/home/ab575577/memcam_results/eval_prefix_duration_curves_60s_budget_sweep/ri_b16_dino_rgb/metrics.jsonl,
ri_b16_dino_rgb,quality,FVD,657.7761508033493,15,/home/ab575577/memcam_results/eval_prefix_duration_curves_60s_budget_sweep/ri_b16_dino_rgb/summary.json,
ri_b16_dino_rgb,vbench,subject_consistency,0.8172894380213311,15,/lustre/fs1/home/ab575577/memcam_results/budget_metrics_60s_820776/task_021_ri_b16_dino_rgb_vbench/vbench_au2uk13t/results_2026-09-16-15:13:01_eval_results.json,
ri_b16_dino_rgb,vbench,background_consistency,0.9008044504979897,15,/lustre/fs1/home/ab575577/memcam_results/budget_metrics_60s_820776/task_021_ri_b16_dino_rgb_vbench/vbench_au2uk13t/results_2026-09-16-15:13:01_eval_results.json,
ri_b16_dino_rgb,vbench,motion_smoothness,0.9918308858115428,15,/lustre/fs1/home/ab575577/memcam_results/budget_metrics_60s_820776/task_021_ri_b16_dino_rgb_vbench/vbench_au2uk13t/results_2026-09-16-15:13:01_eval_results.json,
ri_b16_dino_rgb,vbench,dynamic_degree,1.0,15,/lustre/fs1/home/ab575577/memcam_results/budget_metrics_60s_820776/task_021_ri_b16_dino_rgb_vbench/vbench_au2uk13t/results_2026-09-16-15:13:01_eval_results.json,
ri_b16_dino_rgb,vbench,aesthetic_quality,0.4579350213209788,15,/lustre/fs1/home/ab575577/memcam_results/budget_metrics_60s_820776/task_021_ri_b16_dino_rgb_vbench/vbench_au2uk13t/results_2026-09-16-15:13:01_eval_results.json,
ri_b16_dino_rgb,vbench,imaging_quality,0.5037653345374539,15,/lustre/fs1/home/ab575577/memcam_results/budget_metrics_60s_820776/task_021_ri_b16_dino_rgb_vbench/vbench_au2uk13t/results_2026-09-16-15:13:01_eval_results.json,
ri_b16_dino_rgb,vbench-long,subject_consistency,0.9467475624829748,15,/lustre/fs1/home/ab575577/memcam_results/budget_metrics_60s_820776/task_022_ri_b16_dino_rgb_vbench-long/ri_b16_dino_rgb_vbench-long_ewvi141f,
ri_b16_dino_rgb,vbench-long,background_consistency,0.9531654954274481,15,/lustre/fs1/home/ab575577/memcam_results/budget_metrics_60s_820776/task_022_ri_b16_dino_rgb_vbench-long/ri_b16_dino_rgb_vbench-long_ewvi141f,
ri_b16_dino_rgb,vbench-long,motion_smoothness,0.9919955764973987,15,/lustre/fs1/home/ab575577/memcam_results/budget_metrics_60s_820776/task_022_ri_b16_dino_rgb_vbench-long/ri_b16_dino_rgb_vbench-long_ewvi141f,
ri_b16_dino_rgb,vbench-long,dynamic_degree,0.9806451612903225,15,/lustre/fs1/home/ab575577/memcam_results/budget_metrics_60s_820776/task_022_ri_b16_dino_rgb_vbench-long/ri_b16_dino_rgb_vbench-long_ewvi141f,
ri_b16_dino_rgb,vbench-long,aesthetic_quality,0.4366038358660154,15,/lustre/fs1/home/ab575577/memcam_results/budget_metrics_60s_820776/task_022_ri_b16_dino_rgb_vbench-long/ri_b16_dino_rgb_vbench-long_ewvi141f,
ri_b16_dino_rgb,vbench-long,imaging_quality,0.4858439481536974,15,/lustre/fs1/home/ab575577/memcam_results/budget_metrics_60s_820776/task_022_ri_b16_dino_rgb_vbench-long/ri_b16_dino_rgb_vbench-long_ewvi141f,
ri_b16_dino_rgb,cut3r,rotation_error_deg_mean,39.60947513333333,15,/lustre/fs1/home/ab575577/memcam_results/budget_metrics_60s_820776/task_023_ri_b16_dino_rgb_cut3r/ri_b16_dino_rgb_cut3r_5zr2pbou,False
ri_b16_dino_rgb,cut3r,translation_error_scale_only_mean,4.7262972,15,/lustre/fs1/home/ab575577/memcam_results/budget_metrics_60s_820776/task_023_ri_b16_dino_rgb_cut3r/ri_b16_dino_rgb_cut3r_5zr2pbou,False
ri_b16_dino_rgb,cut3r,translation_error_sim3_mean,2.677866,15,/lustre/fs1/home/ab575577/memcam_results/budget_metrics_60s_820776/task_023_ri_b16_dino_rgb_cut3r/ri_b16_dino_rgb_cut3r_5zr2pbou,False
ri_b32_dino_rgb,quality,LPIPS,0.5877888508553265,15,/home/ab575577/memcam_results/eval_prefix_duration_curves_60s_budget_sweep/ri_b32_dino_rgb/metrics.jsonl,
ri_b32_dino_rgb,quality,FVD,660.1217504172043,15,/home/ab575577/memcam_results/eval_prefix_duration_curves_60s_b32/ri_b32_dino_rgb/summary.json,
ri_b32_dino_rgb,vbench,subject_consistency,0.8128406304708132,15,/lustre/fs1/home/ab575577/memcam_results/budget_metrics_60s_820776/task_025_ri_b32_dino_rgb_vbench/vbench_j6ft6jty/results_2026-09-16-18:45:03_eval_results.json,
ri_b32_dino_rgb,vbench,background_consistency,0.8979265893411915,15,/lustre/fs1/home/ab575577/memcam_results/budget_metrics_60s_820776/task_025_ri_b32_dino_rgb_vbench/vbench_j6ft6jty/results_2026-09-16-18:45:03_eval_results.json,
ri_b32_dino_rgb,vbench,motion_smoothness,0.991921465136624,15,/lustre/fs1/home/ab575577/memcam_results/budget_metrics_60s_820776/task_025_ri_b32_dino_rgb_vbench/vbench_j6ft6jty/results_2026-09-16-18:45:03_eval_results.json,
ri_b32_dino_rgb,vbench,dynamic_degree,1.0,15,/lustre/fs1/home/ab575577/memcam_results/budget_metrics_60s_820776/task_025_ri_b32_dino_rgb_vbench/vbench_j6ft6jty/results_2026-09-16-18:45:03_eval_results.json,
ri_b32_dino_rgb,vbench,aesthetic_quality,0.459858246644338,15,/lustre/fs1/home/ab575577/memcam_results/budget_metrics_60s_820776/task_025_ri_b32_dino_rgb_vbench/vbench_j6ft6jty/results_2026-09-16-18:45:03_eval_results.json,
ri_b32_dino_rgb,vbench,imaging_quality,0.5015853328394781,15,/lustre/fs1/home/ab575577/memcam_results/budget_metrics_60s_820776/task_025_ri_b32_dino_rgb_vbench/vbench_j6ft6jty/results_2026-09-16-18:45:03_eval_results.json,
ri_b32_dino_rgb,vbench-long,subject_consistency,0.9481100238709433,15,/lustre/fs1/home/ab575577/memcam_results/matched15_metrics_60s/ri_b32_dino_rgb_vbench-long_blznxnp3,
ri_b32_dino_rgb,vbench-long,background_consistency,0.9538935862181335,15,/lustre/fs1/home/ab575577/memcam_results/matched15_metrics_60s/ri_b32_dino_rgb_vbench-long_blznxnp3,
ri_b32_dino_rgb,vbench-long,motion_smoothness,0.9920975407966094,15,/lustre/fs1/home/ab575577/memcam_results/matched15_metrics_60s/ri_b32_dino_rgb_vbench-long_blznxnp3,
ri_b32_dino_rgb,vbench-long,dynamic_degree,0.9741935483870968,15,/lustre/fs1/home/ab575577/memcam_results/matched15_metrics_60s/ri_b32_dino_rgb_vbench-long_blznxnp3,
ri_b32_dino_rgb,vbench-long,aesthetic_quality,0.4410672910110925,15,/lustre/fs1/home/ab575577/memcam_results/matched15_metrics_60s/ri_b32_dino_rgb_vbench-long_blznxnp3,
ri_b32_dino_rgb,vbench-long,imaging_quality,0.4840703036298034,15,/lustre/fs1/home/ab575577/memcam_results/matched15_metrics_60s/ri_b32_dino_rgb_vbench-long_blznxnp3,
ri_b32_dino_rgb,cut3r,rotation_error_deg_mean,39.31981053333333,15,/lustre/fs1/home/ab575577/memcam_results/matched15_metrics_60s/ri_b32_dino_rgb_cut3r_cjvacmvw,False
ri_b32_dino_rgb,cut3r,translation_error_scale_only_mean,4.6256262,15,/lustre/fs1/home/ab575577/memcam_results/matched15_metrics_60s/ri_b32_dino_rgb_cut3r_cjvacmvw,False
ri_b32_dino_rgb,cut3r,translation_error_sim3_mean,2.624958,15,/lustre/fs1/home/ab575577/memcam_results/matched15_metrics_60s/ri_b32_dino_rgb_cut3r_cjvacmvw,False
ri_b64_dino_rgb,quality,LPIPS,0.5870307954002802,15,/home/ab575577/memcam_results/eval_prefix_duration_curves_60s_budget_sweep/ri_b64_dino_rgb/metrics.jsonl,
ri_b64_dino_rgb,quality,FVD,724.1420633603925,15,/home/ab575577/memcam_results/eval_prefix_duration_curves_60s_b64/ri_b64_dino_rgb/summary.json,
ri_b64_dino_rgb,vbench,subject_consistency,0.8139908172832856,15,/lustre/fs1/home/ab575577/memcam_results/budget_metrics_60s_820776/task_029_ri_b64_dino_rgb_vbench/vbench_lenmn4ei/results_2026-09-17-11:42:32_eval_results.json,
ri_b64_dino_rgb,vbench,background_consistency,0.8974238702428271,15,/lustre/fs1/home/ab575577/memcam_results/budget_metrics_60s_820776/task_029_ri_b64_dino_rgb_vbench/vbench_lenmn4ei/results_2026-09-17-11:42:32_eval_results.json,
ri_b64_dino_rgb,vbench,motion_smoothness,0.9920256616315026,15,/lustre/fs1/home/ab575577/memcam_results/budget_metrics_60s_820776/task_029_ri_b64_dino_rgb_vbench/vbench_lenmn4ei/results_2026-09-17-11:42:32_eval_results.json,
ri_b64_dino_rgb,vbench,dynamic_degree,1.0,15,/lustre/fs1/home/ab575577/memcam_results/budget_metrics_60s_820776/task_029_ri_b64_dino_rgb_vbench/vbench_lenmn4ei/results_2026-09-17-11:42:32_eval_results.json,
ri_b64_dino_rgb,vbench,aesthetic_quality,0.44827837944030763,15,/lustre/fs1/home/ab575577/memcam_results/budget_metrics_60s_820776/task_029_ri_b64_dino_rgb_vbench/vbench_lenmn4ei/results_2026-09-17-11:42:32_eval_results.json,
ri_b64_dino_rgb,vbench,imaging_quality,0.4969595526471421,15,/lustre/fs1/home/ab575577/memcam_results/budget_metrics_60s_820776/task_029_ri_b64_dino_rgb_vbench/vbench_lenmn4ei/results_2026-09-17-11:42:32_eval_results.json,
ri_b64_dino_rgb,vbench-long,subject_consistency,0.9491501721311483,15,/lustre/fs1/home/ab575577/memcam_results/budget_metrics_60s_820776/task_030_ri_b64_dino_rgb_vbench-long/ri_b64_dino_rgb_vbench-long_guhwttfz,
ri_b64_dino_rgb,vbench-long,background_consistency,0.9536754618373254,15,/lustre/fs1/home/ab575577/memcam_results/budget_metrics_60s_820776/task_030_ri_b64_dino_rgb_vbench-long/ri_b64_dino_rgb_vbench-long_guhwttfz,
ri_b64_dino_rgb,vbench-long,motion_smoothness,0.9921752930232897,15,/lustre/fs1/home/ab575577/memcam_results/budget_metrics_60s_820776/task_030_ri_b64_dino_rgb_vbench-long/ri_b64_dino_rgb_vbench-long_guhwttfz,
ri_b64_dino_rgb,vbench-long,dynamic_degree,0.956989247311828,15,/lustre/fs1/home/ab575577/memcam_results/budget_metrics_60s_820776/task_030_ri_b64_dino_rgb_vbench-long/ri_b64_dino_rgb_vbench-long_guhwttfz,
ri_b64_dino_rgb,vbench-long,aesthetic_quality,0.4294542959941331,15,/lustre/fs1/home/ab575577/memcam_results/budget_metrics_60s_820776/task_030_ri_b64_dino_rgb_vbench-long/ri_b64_dino_rgb_vbench-long_guhwttfz,
ri_b64_dino_rgb,vbench-long,imaging_quality,0.47961793622389487,15,/lustre/fs1/home/ab575577/memcam_results/budget_metrics_60s_820776/task_030_ri_b64_dino_rgb_vbench-long/ri_b64_dino_rgb_vbench-long_guhwttfz,
ri_b64_dino_rgb,cut3r,rotation_error_deg_mean,37.0448898,15,/lustre/fs1/home/ab575577/memcam_results/budget_metrics_60s_820776/task_031_ri_b64_dino_rgb_cut3r/ri_b64_dino_rgb_cut3r_y3xmusde,False
ri_b64_dino_rgb,cut3r,translation_error_scale_only_mean,4.595759866666667,15,/lustre/fs1/home/ab575577/memcam_results/budget_metrics_60s_820776/task_031_ri_b64_dino_rgb_cut3r/ri_b64_dino_rgb_cut3r_y3xmusde,False
ri_b64_dino_rgb,cut3r,translation_error_sim3_mean,2.5669504,15,/lustre/fs1/home/ab575577/memcam_results/budget_metrics_60s_820776/task_031_ri_b64_dino_rgb_cut3r/ri_b64_dino_rgb_cut3r_y3xmusde,False
ri_b128_dino_rgb,quality,LPIPS,0.589632300458991,15,/home/ab575577/memcam_results/eval_prefix_duration_curves_60s_budget_sweep/ri_b128_dino_rgb/metrics.jsonl,
ri_b128_dino_rgb,quality,FVD,766.3244094354588,15,/home/ab575577/memcam_results/eval_prefix_duration_curves_60s_budget_sweep/ri_b128_dino_rgb/summary.json,
ri_b128_dino_rgb,vbench,subject_consistency,0.8078955273988129,15,/lustre/fs1/home/ab575577/memcam_results/budget_metrics_60s_820776/task_033_ri_b128_dino_rgb_vbench/vbench_vp1dkpv0/results_2026-09-17-12:20:18_eval_results.json,
ri_b128_dino_rgb,vbench,background_consistency,0.8981552302488807,15,/lustre/fs1/home/ab575577/memcam_results/budget_metrics_60s_820776/task_033_ri_b128_dino_rgb_vbench/vbench_vp1dkpv0/results_2026-09-17-12:20:18_eval_results.json,
ri_b128_dino_rgb,vbench,motion_smoothness,0.9922943121227757,15,/lustre/fs1/home/ab575577/memcam_results/budget_metrics_60s_820776/task_033_ri_b128_dino_rgb_vbench/vbench_vp1dkpv0/results_2026-09-17-12:20:18_eval_results.json,
ri_b128_dino_rgb,vbench,dynamic_degree,1.0,15,/lustre/fs1/home/ab575577/memcam_results/budget_metrics_60s_820776/task_033_ri_b128_dino_rgb_vbench/vbench_vp1dkpv0/results_2026-09-17-12:20:18_eval_results.json,
ri_b128_dino_rgb,vbench,aesthetic_quality,0.44875441590944926,15,/lustre/fs1/home/ab575577/memcam_results/budget_metrics_60s_820776/task_033_ri_b128_dino_rgb_vbench/vbench_vp1dkpv0/results_2026-09-17-12:20:18_eval_results.json,
ri_b128_dino_rgb,vbench,imaging_quality,0.500566911725606,15,/lustre/fs1/home/ab575577/memcam_results/budget_metrics_60s_820776/task_033_ri_b128_dino_rgb_vbench/vbench_vp1dkpv0/results_2026-09-17-12:20:18_eval_results.json,
ri_b128_dino_rgb,vbench-long,subject_consistency,0.9506177528069235,15,/lustre/fs1/home/ab575577/memcam_results/budget_metrics_60s_820776/task_034_ri_b128_dino_rgb_vbench-long/ri_b128_dino_rgb_vbench-long_anru3zlv,
ri_b128_dino_rgb,vbench-long,background_consistency,0.9537844968040873,15,/lustre/fs1/home/ab575577/memcam_results/budget_metrics_60s_820776/task_034_ri_b128_dino_rgb_vbench-long/ri_b128_dino_rgb_vbench-long_anru3zlv,
ri_b128_dino_rgb,vbench-long,motion_smoothness,0.9924571997689295,15,/lustre/fs1/home/ab575577/memcam_results/budget_metrics_60s_820776/task_034_ri_b128_dino_rgb_vbench-long/ri_b128_dino_rgb_vbench-long_anru3zlv,
ri_b128_dino_rgb,vbench-long,dynamic_degree,0.9548387096774194,15,/lustre/fs1/home/ab575577/memcam_results/budget_metrics_60s_820776/task_034_ri_b128_dino_rgb_vbench-long/ri_b128_dino_rgb_vbench-long_anru3zlv,
ri_b128_dino_rgb,vbench-long,aesthetic_quality,0.43061067333785435,15,/lustre/fs1/home/ab575577/memcam_results/budget_metrics_60s_820776/task_034_ri_b128_dino_rgb_vbench-long/ri_b128_dino_rgb_vbench-long_anru3zlv,
ri_b128_dino_rgb,vbench-long,imaging_quality,0.4834666141147682,15,/lustre/fs1/home/ab575577/memcam_results/budget_metrics_60s_820776/task_034_ri_b128_dino_rgb_vbench-long/ri_b128_dino_rgb_vbench-long_anru3zlv,
ri_b128_dino_rgb,cut3r,rotation_error_deg_mean,35.1026618,15,/lustre/fs1/home/ab575577/memcam_results/budget_metrics_60s_820776/task_035_ri_b128_dino_rgb_cut3r/ri_b128_dino_rgb_cut3r_01jzeupa,False
ri_b128_dino_rgb,cut3r,translation_error_scale_only_mean,4.674206333333333,15,/lustre/fs1/home/ab575577/memcam_results/budget_metrics_60s_820776/task_035_ri_b128_dino_rgb_cut3r/ri_b128_dino_rgb_cut3r_01jzeupa,False
ri_b128_dino_rgb,cut3r,translation_error_sim3_mean,2.496710466666667,15,/lustre/fs1/home/ab575577/memcam_results/budget_metrics_60s_820776/task_035_ri_b128_dino_rgb_cut3r/ri_b128_dino_rgb_cut3r_01jzeupa,False
slam_b16_covisibility,quality,LPIPS,0.5822990994844484,15,/home/ab575577/memcam_results/eval_prefix_duration_curves_60s_budget_sweep/slam_b16_covisibility/metrics.jsonl,
slam_b16_covisibility,quality,FVD,652.6707938736745,15,/home/ab575577/memcam_results/eval_prefix_duration_curves_60s_budget_sweep/slam_b16_covisibility/summary.json,
slam_b16_covisibility,vbench,subject_consistency,0.8247075459511395,15,/lustre/fs1/home/ab575577/memcam_results/budget_metrics_60s_820776/task_037_slam_b16_covisibility_vbench/vbench_o8341pon/results_2026-09-17-12:56:22_eval_results.json,
slam_b16_covisibility,vbench,background_consistency,0.9019528662252148,15,/lustre/fs1/home/ab575577/memcam_results/budget_metrics_60s_820776/task_037_slam_b16_covisibility_vbench/vbench_o8341pon/results_2026-09-17-12:56:22_eval_results.json,
slam_b16_covisibility,vbench,motion_smoothness,0.9920172800002445,15,/lustre/fs1/home/ab575577/memcam_results/budget_metrics_60s_820776/task_037_slam_b16_covisibility_vbench/vbench_o8341pon/results_2026-09-17-12:56:22_eval_results.json,
slam_b16_covisibility,vbench,dynamic_degree,1.0,15,/lustre/fs1/home/ab575577/memcam_results/budget_metrics_60s_820776/task_037_slam_b16_covisibility_vbench/vbench_o8341pon/results_2026-09-17-12:56:22_eval_results.json,
slam_b16_covisibility,vbench,aesthetic_quality,0.46037410497665404,15,/lustre/fs1/home/ab575577/memcam_results/budget_metrics_60s_820776/task_037_slam_b16_covisibility_vbench/vbench_o8341pon/results_2026-09-17-12:56:22_eval_results.json,
slam_b16_covisibility,vbench,imaging_quality,0.5162728647756358,15,/lustre/fs1/home/ab575577/memcam_results/budget_metrics_60s_820776/task_037_slam_b16_covisibility_vbench/vbench_o8341pon/results_2026-09-17-12:56:22_eval_results.json,
slam_b16_covisibility,vbench-long,subject_consistency,0.9470080517964446,15,/lustre/fs1/home/ab575577/memcam_results/budget_metrics_60s_820776/task_038_slam_b16_covisibility_vbench-long/slam_b16_covisibility_vbench-long_243s8ilc,
slam_b16_covisibility,vbench-long,background_consistency,0.9524438986052469,15,/lustre/fs1/home/ab575577/memcam_results/budget_metrics_60s_820776/task_038_slam_b16_covisibility_vbench-long/slam_b16_covisibility_vbench-long_243s8ilc,
slam_b16_covisibility,vbench-long,motion_smoothness,0.9921954309525376,15,/lustre/fs1/home/ab575577/memcam_results/budget_metrics_60s_820776/task_038_slam_b16_covisibility_vbench-long/slam_b16_covisibility_vbench-long_243s8ilc,
slam_b16_covisibility,vbench-long,dynamic_degree,0.9741935483870968,15,/lustre/fs1/home/ab575577/memcam_results/budget_metrics_60s_820776/task_038_slam_b16_covisibility_vbench-long/slam_b16_covisibility_vbench-long_243s8ilc,
slam_b16_covisibility,vbench-long,aesthetic_quality,0.43995052649769734,15,/lustre/fs1/home/ab575577/memcam_results/budget_metrics_60s_820776/task_038_slam_b16_covisibility_vbench-long/slam_b16_covisibility_vbench-long_243s8ilc,
slam_b16_covisibility,vbench-long,imaging_quality,0.49840670915692514,15,/lustre/fs1/home/ab575577/memcam_results/budget_metrics_60s_820776/task_038_slam_b16_covisibility_vbench-long/slam_b16_covisibility_vbench-long_243s8ilc,
slam_b16_covisibility,cut3r,rotation_error_deg_mean,42.2943006,15,/lustre/fs1/home/ab575577/memcam_results/budget_metrics_60s_820776/task_039_slam_b16_covisibility_cut3r/slam_b16_covisibility_cut3r_d9_o4a5l,False
slam_b16_covisibility,cut3r,translation_error_scale_only_mean,4.6369884,15,/lustre/fs1/home/ab575577/memcam_results/budget_metrics_60s_820776/task_039_slam_b16_covisibility_cut3r/slam_b16_covisibility_cut3r_d9_o4a5l,False
slam_b16_covisibility,cut3r,translation_error_sim3_mean,2.700365,15,/lustre/fs1/home/ab575577/memcam_results/budget_metrics_60s_820776/task_039_slam_b16_covisibility_cut3r/slam_b16_covisibility_cut3r_d9_o4a5l,False
slam_b32_covisibility,quality,LPIPS,0.584950147288256,15,/home/ab575577/memcam_results/eval_prefix_duration_curves_60s_b32/slam_b32_covisibility/metrics.jsonl,
slam_b32_covisibility,quality,FVD,690.5317286842396,15,/home/ab575577/memcam_results/eval_prefix_duration_curves_60s_b32/slam_b32_covisibility/summary.json,
slam_b32_covisibility,vbench,subject_consistency,0.8178031151934543,15,/lustre/fs1/home/ab575577/memcam_results/budget_metrics_60s_820776/task_041_slam_b32_covisibility_vbench/vbench_p2_3oexa/results_2026-09-17-13:32:52_eval_results.json,
slam_b32_covisibility,vbench,background_consistency,0.9046992430212902,15,/lustre/fs1/home/ab575577/memcam_results/budget_metrics_60s_820776/task_041_slam_b32_covisibility_vbench/vbench_p2_3oexa/results_2026-09-17-13:32:52_eval_results.json,
slam_b32_covisibility,vbench,motion_smoothness,0.9921349145323473,15,/lustre/fs1/home/ab575577/memcam_results/budget_metrics_60s_820776/task_041_slam_b32_covisibility_vbench/vbench_p2_3oexa/results_2026-09-17-13:32:52_eval_results.json,
slam_b32_covisibility,vbench,dynamic_degree,1.0,15,/lustre/fs1/home/ab575577/memcam_results/budget_metrics_60s_820776/task_041_slam_b32_covisibility_vbench/vbench_p2_3oexa/results_2026-09-17-13:32:52_eval_results.json,
slam_b32_covisibility,vbench,aesthetic_quality,0.461358916759491,15,/lustre/fs1/home/ab575577/memcam_results/budget_metrics_60s_820776/task_041_slam_b32_covisibility_vbench/vbench_p2_3oexa/results_2026-09-17-13:32:52_eval_results.json,
slam_b32_covisibility,vbench,imaging_quality,0.5054191694111585,15,/lustre/fs1/home/ab575577/memcam_results/budget_metrics_60s_820776/task_041_slam_b32_covisibility_vbench/vbench_p2_3oexa/results_2026-09-17-13:32:52_eval_results.json,
slam_b32_covisibility,vbench-long,subject_consistency,0.9470134376756267,15,/lustre/fs1/home/ab575577/memcam_results/matched15_metrics_60s/slam_b32_covisibility_vbench-long_t3xw_y5n,
slam_b32_covisibility,vbench-long,background_consistency,0.953635821882538,15,/lustre/fs1/home/ab575577/memcam_results/matched15_metrics_60s/slam_b32_covisibility_vbench-long_t3xw_y5n,
slam_b32_covisibility,vbench-long,motion_smoothness,0.9922787473366026,15,/lustre/fs1/home/ab575577/memcam_results/matched15_metrics_60s/slam_b32_covisibility_vbench-long_t3xw_y5n,
slam_b32_covisibility,vbench-long,dynamic_degree,0.9741935483870968,15,/lustre/fs1/home/ab575577/memcam_results/matched15_metrics_60s/slam_b32_covisibility_vbench-long_t3xw_y5n,
slam_b32_covisibility,vbench-long,aesthetic_quality,0.44133246175704466,15,/lustre/fs1/home/ab575577/memcam_results/matched15_metrics_60s/slam_b32_covisibility_vbench-long_t3xw_y5n,
slam_b32_covisibility,vbench-long,imaging_quality,0.4880528537572498,15,/lustre/fs1/home/ab575577/memcam_results/matched15_metrics_60s/slam_b32_covisibility_vbench-long_t3xw_y5n,
slam_b32_covisibility,cut3r,rotation_error_deg_mean,39.19928133333333,15,/lustre/fs1/home/ab575577/memcam_results/matched15_metrics_60s/slam_b32_covisibility_cut3r_94ot39rd,False
slam_b32_covisibility,cut3r,translation_error_scale_only_mean,4.6648362,15,/lustre/fs1/home/ab575577/memcam_results/matched15_metrics_60s/slam_b32_covisibility_cut3r_94ot39rd,False
slam_b32_covisibility,cut3r,translation_error_sim3_mean,2.5696892666666664,15,/lustre/fs1/home/ab575577/memcam_results/matched15_metrics_60s/slam_b32_covisibility_cut3r_94ot39rd,False
slam_b64_covisibility,quality,LPIPS,0.5869010462832784,15,/home/ab575577/memcam_results/eval_prefix_duration_curves_60s_budget_sweep/slam_b64_covisibility/metrics.jsonl,
slam_b64_covisibility,quality,FVD,742.6749083666341,15,/home/ab575577/memcam_results/eval_prefix_duration_curves_60s_b64/slam_b64_covisibility/summary.json,
slam_b64_covisibility,vbench,subject_consistency,0.8105453827304014,15,/lustre/fs1/home/ab575577/memcam_results/budget_metrics_60s_820776/task_045_slam_b64_covisibility_vbench/vbench_bja69eos/results_2026-09-17-13:52:06_eval_results.json,
slam_b64_covisibility,vbench,background_consistency,0.9001195271809895,15,/lustre/fs1/home/ab575577/memcam_results/budget_metrics_60s_820776/task_045_slam_b64_covisibility_vbench/vbench_bja69eos/results_2026-09-17-13:52:06_eval_results.json,
slam_b64_covisibility,vbench,motion_smoothness,0.992128055054809,15,/lustre/fs1/home/ab575577/memcam_results/budget_metrics_60s_820776/task_045_slam_b64_covisibility_vbench/vbench_bja69eos/results_2026-09-17-13:52:06_eval_results.json,
slam_b64_covisibility,vbench,dynamic_degree,1.0,15,/lustre/fs1/home/ab575577/memcam_results/budget_metrics_60s_820776/task_045_slam_b64_covisibility_vbench/vbench_bja69eos/results_2026-09-17-13:52:06_eval_results.json,
slam_b64_covisibility,vbench,aesthetic_quality,0.4501727362473806,15,/lustre/fs1/home/ab575577/memcam_results/budget_metrics_60s_820776/task_045_slam_b64_covisibility_vbench/vbench_bja69eos/results_2026-09-17-13:52:06_eval_results.json,
slam_b64_covisibility,vbench,imaging_quality,0.4948929103165021,15,/lustre/fs1/home/ab575577/memcam_results/budget_metrics_60s_820776/task_045_slam_b64_covisibility_vbench/vbench_bja69eos/results_2026-09-17-13:52:06_eval_results.json,
slam_b64_covisibility,vbench-long,subject_consistency,0.9473353880422657,15,/lustre/fs1/home/ab575577/memcam_results/budget_metrics_60s_820776/task_046_slam_b64_covisibility_vbench-long/slam_b64_covisibility_vbench-long_fv36_q6a,
slam_b64_covisibility,vbench-long,background_consistency,0.9533744800541588,15,/lustre/fs1/home/ab575577/memcam_results/budget_metrics_60s_820776/task_046_slam_b64_covisibility_vbench-long/slam_b64_covisibility_vbench-long_fv36_q6a,
slam_b64_covisibility,vbench-long,motion_smoothness,0.9922778923159338,15,/lustre/fs1/home/ab575577/memcam_results/budget_metrics_60s_820776/task_046_slam_b64_covisibility_vbench-long/slam_b64_covisibility_vbench-long_fv36_q6a,
slam_b64_covisibility,vbench-long,dynamic_degree,0.9634408602150537,15,/lustre/fs1/home/ab575577/memcam_results/budget_metrics_60s_820776/task_046_slam_b64_covisibility_vbench-long/slam_b64_covisibility_vbench-long_fv36_q6a,
slam_b64_covisibility,vbench-long,aesthetic_quality,0.4313621733137356,15,/lustre/fs1/home/ab575577/memcam_results/budget_metrics_60s_820776/task_046_slam_b64_covisibility_vbench-long/slam_b64_covisibility_vbench-long_fv36_q6a,
slam_b64_covisibility,vbench-long,imaging_quality,0.47782883083179434,15,/lustre/fs1/home/ab575577/memcam_results/budget_metrics_60s_820776/task_046_slam_b64_covisibility_vbench-long/slam_b64_covisibility_vbench-long_fv36_q6a,
slam_b64_covisibility,cut3r,rotation_error_deg_mean,38.0486538,15,/lustre/fs1/home/ab575577/memcam_results/budget_metrics_60s_820776/task_047_slam_b64_covisibility_cut3r/slam_b64_covisibility_cut3r_l_xlzo2g,False
slam_b64_covisibility,cut3r,translation_error_scale_only_mean,4.664362666666666,15,/lustre/fs1/home/ab575577/memcam_results/budget_metrics_60s_820776/task_047_slam_b64_covisibility_cut3r/slam_b64_covisibility_cut3r_l_xlzo2g,False
slam_b64_covisibility,cut3r,translation_error_sim3_mean,2.591049933333333,15,/lustre/fs1/home/ab575577/memcam_results/budget_metrics_60s_820776/task_047_slam_b64_covisibility_cut3r/slam_b64_covisibility_cut3r_l_xlzo2g,False
slam_b128_covisibility,quality,LPIPS,0.5907273689951605,15,/home/ab575577/memcam_results/eval_prefix_duration_curves_60s_budget_sweep/slam_b128_covisibility/metrics.jsonl,
slam_b128_covisibility,quality,FVD,701.5553445470541,15,/home/ab575577/memcam_results/eval_prefix_duration_curves_60s_budget_sweep/slam_b128_covisibility/summary.json,
slam_b128_covisibility,vbench,subject_consistency,0.8065985719145041,15,/lustre/fs1/home/ab575577/memcam_results/budget_metrics_60s_820776/task_049_slam_b128_covisibility_vbench/vbench_2qhsxgk5/results_2026-09-17-14:28:34_eval_results.json,
slam_b128_covisibility,vbench,background_consistency,0.8989220513237847,15,/lustre/fs1/home/ab575577/memcam_results/budget_metrics_60s_820776/task_049_slam_b128_covisibility_vbench/vbench_2qhsxgk5/results_2026-09-17-14:28:34_eval_results.json,
slam_b128_covisibility,vbench,motion_smoothness,0.9922556147457425,15,/lustre/fs1/home/ab575577/memcam_results/budget_metrics_60s_820776/task_049_slam_b128_covisibility_vbench/vbench_2qhsxgk5/results_2026-09-17-14:28:34_eval_results.json,
slam_b128_covisibility,vbench,dynamic_degree,1.0,15,/lustre/fs1/home/ab575577/memcam_results/budget_metrics_60s_820776/task_049_slam_b128_covisibility_vbench/vbench_2qhsxgk5/results_2026-09-17-14:28:34_eval_results.json,
slam_b128_covisibility,vbench,aesthetic_quality,0.448557984828949,15,/lustre/fs1/home/ab575577/memcam_results/budget_metrics_60s_820776/task_049_slam_b128_covisibility_vbench/vbench_2qhsxgk5/results_2026-09-17-14:28:34_eval_results.json,
slam_b128_covisibility,vbench,imaging_quality,0.4927967518894422,15,/lustre/fs1/home/ab575577/memcam_results/budget_metrics_60s_820776/task_049_slam_b128_covisibility_vbench/vbench_2qhsxgk5/results_2026-09-17-14:28:34_eval_results.json,
slam_b128_covisibility,vbench-long,subject_consistency,0.9504431270786714,15,/lustre/fs1/home/ab575577/memcam_results/budget_metrics_60s_820776/task_050_slam_b128_covisibility_vbench-long/slam_b128_covisibility_vbench-long_n916u9z1,
slam_b128_covisibility,vbench-long,background_consistency,0.9541682842699317,15,/lustre/fs1/home/ab575577/memcam_results/budget_metrics_60s_820776/task_050_slam_b128_covisibility_vbench-long/slam_b128_covisibility_vbench-long_n916u9z1,
slam_b128_covisibility,vbench-long,motion_smoothness,0.9923939806014449,15,/lustre/fs1/home/ab575577/memcam_results/budget_metrics_60s_820776/task_050_slam_b128_covisibility_vbench-long/slam_b128_covisibility_vbench-long_n916u9z1,
slam_b128_covisibility,vbench-long,dynamic_degree,0.9419354838709677,15,/lustre/fs1/home/ab575577/memcam_results/budget_metrics_60s_820776/task_050_slam_b128_covisibility_vbench-long/slam_b128_covisibility_vbench-long_n916u9z1,
slam_b128_covisibility,vbench-long,aesthetic_quality,0.4293969699131545,15,/lustre/fs1/home/ab575577/memcam_results/budget_metrics_60s_820776/task_050_slam_b128_covisibility_vbench-long/slam_b128_covisibility_vbench-long_n916u9z1,
slam_b128_covisibility,vbench-long,imaging_quality,0.475850969358328,15,/lustre/fs1/home/ab575577/memcam_results/budget_metrics_60s_820776/task_050_slam_b128_covisibility_vbench-long/slam_b128_covisibility_vbench-long_n916u9z1,
slam_b128_covisibility,cut3r,rotation_error_deg_mean,32.1278094,15,/lustre/fs1/home/ab575577/memcam_results/budget_metrics_60s_820776/task_051_slam_b128_covisibility_cut3r/slam_b128_covisibility_cut3r_pb7jtev1,False
slam_b128_covisibility,cut3r,translation_error_scale_only_mean,4.664994066666667,15,/lustre/fs1/home/ab575577/memcam_results/budget_metrics_60s_820776/task_051_slam_b128_covisibility_cut3r/slam_b128_covisibility_cut3r_pb7jtev1,False
slam_b128_covisibility,cut3r,translation_error_sim3_mean,2.5485717333333335,15,/lustre/fs1/home/ab575577/memcam_results/budget_metrics_60s_820776/task_051_slam_b128_covisibility_cut3r/slam_b128_covisibility_cut3r_pb7jtev1,False
kcenter_b16,quality,LPIPS,0.5936124614562045,15,/home/ab575577/memcam_results/eval_prefix_duration_curves_60s_budget_sweep/kcenter_b16/metrics.jsonl,
kcenter_b16,quality,FVD,791.2566759649094,15,/home/ab575577/memcam_results/eval_prefix_duration_curves_60s_budget_sweep/kcenter_b16/summary.json,
kcenter_b16,vbench,subject_consistency,0.8052028356414093,15,/lustre/fs1/home/ab575577/memcam_results/budget_metrics_60s_820776/task_053_kcenter_b16_vbench/vbench_5c5jboq0/results_2026-09-17-02:57:39_eval_results.json,
kcenter_b16,vbench,background_consistency,0.8980390403702943,15,/lustre/fs1/home/ab575577/memcam_results/budget_metrics_60s_820776/task_053_kcenter_b16_vbench/vbench_5c5jboq0/results_2026-09-17-02:57:39_eval_results.json,
kcenter_b16,vbench,motion_smoothness,0.9923420932021649,15,/lustre/fs1/home/ab575577/memcam_results/budget_metrics_60s_820776/task_053_kcenter_b16_vbench/vbench_5c5jboq0/results_2026-09-17-02:57:39_eval_results.json,
kcenter_b16,vbench,dynamic_degree,1.0,15,/lustre/fs1/home/ab575577/memcam_results/budget_metrics_60s_820776/task_053_kcenter_b16_vbench/vbench_5c5jboq0/results_2026-09-17-02:57:39_eval_results.json,
kcenter_b16,vbench,aesthetic_quality,0.4577711363633474,15,/lustre/fs1/home/ab575577/memcam_results/budget_metrics_60s_820776/task_053_kcenter_b16_vbench/vbench_5c5jboq0/results_2026-09-17-02:57:39_eval_results.json,
kcenter_b16,vbench,imaging_quality,0.49135201943105755,15,/lustre/fs1/home/ab575577/memcam_results/budget_metrics_60s_820776/task_053_kcenter_b16_vbench/vbench_5c5jboq0/results_2026-09-17-02:57:39_eval_results.json,
kcenter_b16,vbench-long,subject_consistency,0.9490902446348938,15,/lustre/fs1/home/ab575577/memcam_results/budget_metrics_60s_820776/task_054_kcenter_b16_vbench-long/kcenter_b16_vbench-long_ej6hrfzb,
kcenter_b16,vbench-long,background_consistency,0.9537324787848858,15,/lustre/fs1/home/ab575577/memcam_results/budget_metrics_60s_820776/task_054_kcenter_b16_vbench-long/kcenter_b16_vbench-long_ej6hrfzb,
kcenter_b16,vbench-long,motion_smoothness,0.9924988610943607,15,/lustre/fs1/home/ab575577/memcam_results/budget_metrics_60s_820776/task_054_kcenter_b16_vbench-long/kcenter_b16_vbench-long_ej6hrfzb,
kcenter_b16,vbench-long,dynamic_degree,0.9634408602150537,15,/lustre/fs1/home/ab575577/memcam_results/budget_metrics_60s_820776/task_054_kcenter_b16_vbench-long/kcenter_b16_vbench-long_ej6hrfzb,
kcenter_b16,vbench-long,aesthetic_quality,0.4390768515166416,15,/lustre/fs1/home/ab575577/memcam_results/budget_metrics_60s_820776/task_054_kcenter_b16_vbench-long/kcenter_b16_vbench-long_ej6hrfzb,
kcenter_b16,vbench-long,imaging_quality,0.47435112172813826,15,/lustre/fs1/home/ab575577/memcam_results/budget_metrics_60s_820776/task_054_kcenter_b16_vbench-long/kcenter_b16_vbench-long_ej6hrfzb,
kcenter_b16,cut3r,rotation_error_deg_mean,35.411682666666664,15,/lustre/fs1/home/ab575577/memcam_results/budget_metrics_60s_820776/task_055_kcenter_b16_cut3r/kcenter_b16_cut3r_j0pcbir9,False
kcenter_b16,cut3r,translation_error_scale_only_mean,4.605962266666666,15,/lustre/fs1/home/ab575577/memcam_results/budget_metrics_60s_820776/task_055_kcenter_b16_cut3r/kcenter_b16_cut3r_j0pcbir9,False
kcenter_b16,cut3r,translation_error_sim3_mean,2.4963653333333333,15,/lustre/fs1/home/ab575577/memcam_results/budget_metrics_60s_820776/task_055_kcenter_b16_cut3r/kcenter_b16_cut3r_j0pcbir9,False
kcenter_b32,quality,LPIPS,0.5921608701801243,15,/home/ab575577/memcam_results/eval_prefix_duration_curves_60s_budget_sweep/kcenter_b32/metrics.jsonl,
kcenter_b32,quality,FVD,711.95194387938,15,/home/ab575577/memcam_results/eval_prefix_duration_curves_60s_budget_sweep/kcenter_b32/summary.json,
kcenter_b32,vbench,subject_consistency,0.8084669673287076,15,/lustre/fs1/home/ab575577/memcam_results/budget_metrics_60s_820776/task_057_kcenter_b32_vbench/vbench_nnol9o2n/results_2026-09-17-03:40:06_eval_results.json,
kcenter_b32,vbench,background_consistency,0.8999659041912235,15,/lustre/fs1/home/ab575577/memcam_results/budget_metrics_60s_820776/task_057_kcenter_b32_vbench/vbench_nnol9o2n/results_2026-09-17-03:40:06_eval_results.json,
kcenter_b32,vbench,motion_smoothness,0.992391057597934,15,/lustre/fs1/home/ab575577/memcam_results/budget_metrics_60s_820776/task_057_kcenter_b32_vbench/vbench_nnol9o2n/results_2026-09-17-03:40:06_eval_results.json,
kcenter_b32,vbench,dynamic_degree,1.0,15,/lustre/fs1/home/ab575577/memcam_results/budget_metrics_60s_820776/task_057_kcenter_b32_vbench/vbench_nnol9o2n/results_2026-09-17-03:40:06_eval_results.json,
kcenter_b32,vbench,aesthetic_quality,0.4552335500717163,15,/lustre/fs1/home/ab575577/memcam_results/budget_metrics_60s_820776/task_057_kcenter_b32_vbench/vbench_nnol9o2n/results_2026-09-17-03:40:06_eval_results.json,
kcenter_b32,vbench,imaging_quality,0.49839719243158487,15,/lustre/fs1/home/ab575577/memcam_results/budget_metrics_60s_820776/task_057_kcenter_b32_vbench/vbench_nnol9o2n/results_2026-09-17-03:40:06_eval_results.json,
kcenter_b32,vbench-long,subject_consistency,0.9512832468669795,15,/lustre/fs1/home/ab575577/memcam_results/budget_metrics_60s_820776/task_058_kcenter_b32_vbench-long/kcenter_b32_vbench-long__rkos5b2,
kcenter_b32,vbench-long,background_consistency,0.9543351926439947,15,/lustre/fs1/home/ab575577/memcam_results/budget_metrics_60s_820776/task_058_kcenter_b32_vbench-long/kcenter_b32_vbench-long__rkos5b2,
kcenter_b32,vbench-long,motion_smoothness,0.9925452497243676,15,/lustre/fs1/home/ab575577/memcam_results/budget_metrics_60s_820776/task_058_kcenter_b32_vbench-long/kcenter_b32_vbench-long__rkos5b2,
kcenter_b32,vbench-long,dynamic_degree,0.9612903225806452,15,/lustre/fs1/home/ab575577/memcam_results/budget_metrics_60s_820776/task_058_kcenter_b32_vbench-long/kcenter_b32_vbench-long__rkos5b2,
kcenter_b32,vbench-long,aesthetic_quality,0.4360838375424826,15,/lustre/fs1/home/ab575577/memcam_results/budget_metrics_60s_820776/task_058_kcenter_b32_vbench-long/kcenter_b32_vbench-long__rkos5b2,
kcenter_b32,vbench-long,imaging_quality,0.4814495422349608,15,/lustre/fs1/home/ab575577/memcam_results/budget_metrics_60s_820776/task_058_kcenter_b32_vbench-long/kcenter_b32_vbench-long__rkos5b2,
kcenter_b32,cut3r,rotation_error_deg_mean,36.53341126666667,15,/lustre/fs1/home/ab575577/memcam_results/budget_metrics_60s_820776/task_059_kcenter_b32_cut3r/kcenter_b32_cut3r_u_o5oilx,False
kcenter_b32,cut3r,translation_error_scale_only_mean,4.642101666666667,15,/lustre/fs1/home/ab575577/memcam_results/budget_metrics_60s_820776/task_059_kcenter_b32_cut3r/kcenter_b32_cut3r_u_o5oilx,False
kcenter_b32,cut3r,translation_error_sim3_mean,2.5326284,15,/lustre/fs1/home/ab575577/memcam_results/budget_metrics_60s_820776/task_059_kcenter_b32_cut3r/kcenter_b32_cut3r_u_o5oilx,False
kcenter_b64,quality,LPIPS,0.590994801584509,15,/home/ab575577/memcam_results/eval_prefix_duration_curves_60s_budget_sweep/kcenter_b64/metrics.jsonl,
kcenter_b64,quality,FVD,700.9411755560554,15,/home/ab575577/memcam_results/eval_prefix_duration_curves_60s_budget_sweep/kcenter_b64/summary.json,
kcenter_b64,vbench,subject_consistency,0.8078693961327057,15,/lustre/fs1/home/ab575577/memcam_results/budget_metrics_60s_820776/task_061_kcenter_b64_vbench/vbench_optic1i_/results_2026-09-17-06:06:56_eval_results.json,
kcenter_b64,vbench,background_consistency,0.8994711178785179,15,/lustre/fs1/home/ab575577/memcam_results/budget_metrics_60s_820776/task_061_kcenter_b64_vbench/vbench_optic1i_/results_2026-09-17-06:06:56_eval_results.json,
kcenter_b64,vbench,motion_smoothness,0.992665426978559,15,/lustre/fs1/home/ab575577/memcam_results/budget_metrics_60s_820776/task_061_kcenter_b64_vbench/vbench_optic1i_/results_2026-09-17-06:06:56_eval_results.json,
kcenter_b64,vbench,dynamic_degree,1.0,15,/lustre/fs1/home/ab575577/memcam_results/budget_metrics_60s_820776/task_061_kcenter_b64_vbench/vbench_optic1i_/results_2026-09-17-06:06:56_eval_results.json,
kcenter_b64,vbench,aesthetic_quality,0.45891280968983966,15,/lustre/fs1/home/ab575577/memcam_results/budget_metrics_60s_820776/task_061_kcenter_b64_vbench/vbench_optic1i_/results_2026-09-17-06:06:56_eval_results.json,
kcenter_b64,vbench,imaging_quality,0.4971928082972139,15,/lustre/fs1/home/ab575577/memcam_results/budget_metrics_60s_820776/task_061_kcenter_b64_vbench/vbench_optic1i_/results_2026-09-17-06:06:56_eval_results.json,
kcenter_b64,vbench-long,subject_consistency,0.9522106869568672,15,/lustre/fs1/home/ab575577/memcam_results/budget_metrics_60s_820776/task_062_kcenter_b64_vbench-long/kcenter_b64_vbench-long_ycdsm02q,
kcenter_b64,vbench-long,background_consistency,0.9545546202759941,15,/lustre/fs1/home/ab575577/memcam_results/budget_metrics_60s_820776/task_062_kcenter_b64_vbench-long/kcenter_b64_vbench-long_ycdsm02q,
kcenter_b64,vbench-long,motion_smoothness,0.9928046622374576,15,/lustre/fs1/home/ab575577/memcam_results/budget_metrics_60s_820776/task_062_kcenter_b64_vbench-long/kcenter_b64_vbench-long_ycdsm02q,
kcenter_b64,vbench-long,dynamic_degree,0.9526881720430107,15,/lustre/fs1/home/ab575577/memcam_results/budget_metrics_60s_820776/task_062_kcenter_b64_vbench-long/kcenter_b64_vbench-long_ycdsm02q,
kcenter_b64,vbench-long,aesthetic_quality,0.44057380653196765,15,/lustre/fs1/home/ab575577/memcam_results/budget_metrics_60s_820776/task_062_kcenter_b64_vbench-long/kcenter_b64_vbench-long_ycdsm02q,
kcenter_b64,vbench-long,imaging_quality,0.47970389664899493,15,/lustre/fs1/home/ab575577/memcam_results/budget_metrics_60s_820776/task_062_kcenter_b64_vbench-long/kcenter_b64_vbench-long_ycdsm02q,
kcenter_b64,cut3r,rotation_error_deg_mean,34.37222666666667,15,/lustre/fs1/home/ab575577/memcam_results/budget_metrics_60s_820776/task_063_kcenter_b64_cut3r/kcenter_b64_cut3r_z0rj9qyr,False
kcenter_b64,cut3r,translation_error_scale_only_mean,4.633420733333334,15,/lustre/fs1/home/ab575577/memcam_results/budget_metrics_60s_820776/task_063_kcenter_b64_cut3r/kcenter_b64_cut3r_z0rj9qyr,False
kcenter_b64,cut3r,translation_error_sim3_mean,2.4476924666666666,15,/lustre/fs1/home/ab575577/memcam_results/budget_metrics_60s_820776/task_063_kcenter_b64_cut3r/kcenter_b64_cut3r_z0rj9qyr,False
kcenter_b128,quality,LPIPS,0.5932550761589139,15,/home/ab575577/memcam_results/eval_prefix_duration_curves_60s_budget_sweep/kcenter_b128/metrics.jsonl,
kcenter_b128,quality,FVD,745.3352954302184,15,/home/ab575577/memcam_results/eval_prefix_duration_curves_60s_budget_sweep/kcenter_b128/summary.json,
kcenter_b128,vbench,subject_consistency,0.8042400369281766,15,/lustre/fs1/home/ab575577/memcam_results/budget_metrics_60s_820776/task_065_kcenter_b128_vbench/vbench_a3u1x5ll/results_2026-09-17-06:42:15_eval_results.json,
kcenter_b128,vbench,background_consistency,0.8981101052802906,15,/lustre/fs1/home/ab575577/memcam_results/budget_metrics_60s_820776/task_065_kcenter_b128_vbench/vbench_a3u1x5ll/results_2026-09-17-06:42:15_eval_results.json,
kcenter_b128,vbench,motion_smoothness,0.9926706041636941,15,/lustre/fs1/home/ab575577/memcam_results/budget_metrics_60s_820776/task_065_kcenter_b128_vbench/vbench_a3u1x5ll/results_2026-09-17-06:42:15_eval_results.json,
kcenter_b128,vbench,dynamic_degree,1.0,15,/lustre/fs1/home/ab575577/memcam_results/budget_metrics_60s_820776/task_065_kcenter_b128_vbench/vbench_a3u1x5ll/results_2026-09-17-06:42:15_eval_results.json,
kcenter_b128,vbench,aesthetic_quality,0.45808957815170287,15,/lustre/fs1/home/ab575577/memcam_results/budget_metrics_60s_820776/task_065_kcenter_b128_vbench/vbench_a3u1x5ll/results_2026-09-17-06:42:15_eval_results.json,
kcenter_b128,vbench,imaging_quality,0.49310337804576576,15,/lustre/fs1/home/ab575577/memcam_results/budget_metrics_60s_820776/task_065_kcenter_b128_vbench/vbench_a3u1x5ll/results_2026-09-17-06:42:15_eval_results.json,
kcenter_b128,cut3r,rotation_error_deg_mean,35.2417772,15,/lustre/fs1/home/ab575577/memcam_results/budget_metrics_60s_820776/task_067_kcenter_b128_cut3r/kcenter_b128_cut3r_704f0_rc,False
kcenter_b128,cut3r,translation_error_scale_only_mean,4.6859802,15,/lustre/fs1/home/ab575577/memcam_results/budget_metrics_60s_820776/task_067_kcenter_b128_cut3r/kcenter_b128_cut3r_704f0_rc,False
kcenter_b128,cut3r,translation_error_sim3_mean,2.578533,15,/lustre/fs1/home/ab575577/memcam_results/budget_metrics_60s_820776/task_067_kcenter_b128_cut3r/kcenter_b128_cut3r_704f0_rc,False
mce_b16_lambda1_pilot,quality,LPIPS,0.5975539375081292,15,/home/ab575577/memcam_results/eval_prefix_duration_curves_60s_budget_sweep/mce_b16_lambda1_pilot/metrics.jsonl,
mce_b16_lambda1_pilot,quality,FVD,722.1587687505476,15,/home/ab575577/memcam_results/eval_prefix_duration_curves_60s_budget_sweep/mce_b16_lambda1_pilot/summary.json,
mce_b16_lambda1_pilot,vbench,subject_consistency,0.7990448293880674,15,/lustre/fs1/home/ab575577/memcam_results/budget_metrics_60s_820776/task_069_mce_b16_lambda1_pilot_vbench/vbench_a64zjl8c/results_2026-09-17-07:16:20_eval_results.json,
mce_b16_lambda1_pilot,vbench,background_consistency,0.9010024935181378,15,/lustre/fs1/home/ab575577/memcam_results/budget_metrics_60s_820776/task_069_mce_b16_lambda1_pilot_vbench/vbench_a64zjl8c/results_2026-09-17-07:16:20_eval_results.json,
mce_b16_lambda1_pilot,vbench,motion_smoothness,0.992518542520467,15,/lustre/fs1/home/ab575577/memcam_results/budget_metrics_60s_820776/task_069_mce_b16_lambda1_pilot_vbench/vbench_a64zjl8c/results_2026-09-17-07:16:20_eval_results.json,
mce_b16_lambda1_pilot,vbench,dynamic_degree,1.0,15,/lustre/fs1/home/ab575577/memcam_results/budget_metrics_60s_820776/task_069_mce_b16_lambda1_pilot_vbench/vbench_a64zjl8c/results_2026-09-17-07:16:20_eval_results.json,
mce_b16_lambda1_pilot,vbench,aesthetic_quality,0.4623344679673513,15,/lustre/fs1/home/ab575577/memcam_results/budget_metrics_60s_820776/task_069_mce_b16_lambda1_pilot_vbench/vbench_a64zjl8c/results_2026-09-17-07:16:20_eval_results.json,
mce_b16_lambda1_pilot,vbench,imaging_quality,0.4935494530065528,15,/lustre/fs1/home/ab575577/memcam_results/budget_metrics_60s_820776/task_069_mce_b16_lambda1_pilot_vbench/vbench_a64zjl8c/results_2026-09-17-07:16:20_eval_results.json,
mce_b16_lambda1_pilot,vbench-long,subject_consistency,0.9516765557577763,15,/lustre/fs1/home/ab575577/memcam_results/budget_metrics_60s_820776/task_070_mce_b16_lambda1_pilot_vbench-long/mce_b16_lambda1_pilot_vbench-long_oin334_z,
mce_b16_lambda1_pilot,vbench-long,background_consistency,0.9555345633999447,15,/lustre/fs1/home/ab575577/memcam_results/budget_metrics_60s_820776/task_070_mce_b16_lambda1_pilot_vbench-long/mce_b16_lambda1_pilot_vbench-long_oin334_z,
mce_b16_lambda1_pilot,vbench-long,motion_smoothness,0.9926611826424456,15,/lustre/fs1/home/ab575577/memcam_results/budget_metrics_60s_820776/task_070_mce_b16_lambda1_pilot_vbench-long/mce_b16_lambda1_pilot_vbench-long_oin334_z,
mce_b16_lambda1_pilot,vbench-long,dynamic_degree,0.946236559139785,15,/lustre/fs1/home/ab575577/memcam_results/budget_metrics_60s_820776/task_070_mce_b16_lambda1_pilot_vbench-long/mce_b16_lambda1_pilot_vbench-long_oin334_z,
mce_b16_lambda1_pilot,vbench-long,aesthetic_quality,0.4425944444633299,15,/lustre/fs1/home/ab575577/memcam_results/budget_metrics_60s_820776/task_070_mce_b16_lambda1_pilot_vbench-long/mce_b16_lambda1_pilot_vbench-long_oin334_z,
mce_b16_lambda1_pilot,vbench-long,imaging_quality,0.4766789312964272,15,/lustre/fs1/home/ab575577/memcam_results/budget_metrics_60s_820776/task_070_mce_b16_lambda1_pilot_vbench-long/mce_b16_lambda1_pilot_vbench-long_oin334_z,
mce_b16_lambda1_pilot,cut3r,rotation_error_deg_mean,34.80837966666667,15,/lustre/fs1/home/ab575577/memcam_results/budget_metrics_60s_820776/task_071_mce_b16_lambda1_pilot_cut3r/mce_b16_lambda1_pilot_cut3r_aui7uwf0,False
mce_b16_lambda1_pilot,cut3r,translation_error_scale_only_mean,4.5892040666666665,15,/lustre/fs1/home/ab575577/memcam_results/budget_metrics_60s_820776/task_071_mce_b16_lambda1_pilot_cut3r/mce_b16_lambda1_pilot_cut3r_aui7uwf0,False
mce_b16_lambda1_pilot,cut3r,translation_error_sim3_mean,2.5043968,15,/lustre/fs1/home/ab575577/memcam_results/budget_metrics_60s_820776/task_071_mce_b16_lambda1_pilot_cut3r/mce_b16_lambda1_pilot_cut3r_aui7uwf0,False
mce_b32_lambda1_pilot,quality,LPIPS,0.5985224730213036,15,/home/ab575577/memcam_results/eval_prefix_duration_curves_60s_budget_sweep/mce_b32_lambda1_pilot/metrics.jsonl,
mce_b32_lambda1_pilot,quality,FVD,773.8669578067811,15,/home/ab575577/memcam_results/eval_prefix_duration_curves_60s_budget_sweep/mce_b32_lambda1_pilot/summary.json,
mce_b32_lambda1_pilot,vbench,subject_consistency,0.7978204095245977,15,/lustre/fs1/home/ab575577/memcam_results/budget_metrics_60s_820776/task_073_mce_b32_lambda1_pilot_vbench/vbench_j1s81_zp/results_2026-09-17-15:07:56_eval_results.json,
mce_b32_lambda1_pilot,vbench,background_consistency,0.8996677956385919,15,/lustre/fs1/home/ab575577/memcam_results/budget_metrics_60s_820776/task_073_mce_b32_lambda1_pilot_vbench/vbench_j1s81_zp/results_2026-09-17-15:07:56_eval_results.json,
mce_b32_lambda1_pilot,vbench,motion_smoothness,0.9926695470688819,15,/lustre/fs1/home/ab575577/memcam_results/budget_metrics_60s_820776/task_073_mce_b32_lambda1_pilot_vbench/vbench_j1s81_zp/results_2026-09-17-15:07:56_eval_results.json,
mce_b32_lambda1_pilot,vbench,dynamic_degree,1.0,15,/lustre/fs1/home/ab575577/memcam_results/budget_metrics_60s_820776/task_073_mce_b32_lambda1_pilot_vbench/vbench_j1s81_zp/results_2026-09-17-15:07:56_eval_results.json,
mce_b32_lambda1_pilot,vbench,aesthetic_quality,0.46045231620470684,15,/lustre/fs1/home/ab575577/memcam_results/budget_metrics_60s_820776/task_073_mce_b32_lambda1_pilot_vbench/vbench_j1s81_zp/results_2026-09-17-15:07:56_eval_results.json,
mce_b32_lambda1_pilot,vbench,imaging_quality,0.49630579496409793,15,/lustre/fs1/home/ab575577/memcam_results/budget_metrics_60s_820776/task_073_mce_b32_lambda1_pilot_vbench/vbench_j1s81_zp/results_2026-09-17-15:07:56_eval_results.json,
mce_b32_lambda1_pilot,vbench-long,subject_consistency,0.9512509506383033,15,/lustre/fs1/home/ab575577/memcam_results/budget_metrics_60s_820776/task_074_mce_b32_lambda1_pilot_vbench-long/mce_b32_lambda1_pilot_vbench-long_mrw9c0r_,
mce_b32_lambda1_pilot,vbench-long,background_consistency,0.9552162575921672,15,/lustre/fs1/home/ab575577/memcam_results/budget_metrics_60s_820776/task_074_mce_b32_lambda1_pilot_vbench-long/mce_b32_lambda1_pilot_vbench-long_mrw9c0r_,
mce_b32_lambda1_pilot,vbench-long,motion_smoothness,0.9928198493094977,15,/lustre/fs1/home/ab575577/memcam_results/budget_metrics_60s_820776/task_074_mce_b32_lambda1_pilot_vbench-long/mce_b32_lambda1_pilot_vbench-long_mrw9c0r_,
mce_b32_lambda1_pilot,vbench-long,dynamic_degree,0.9462365591397849,15,/lustre/fs1/home/ab575577/memcam_results/budget_metrics_60s_820776/task_074_mce_b32_lambda1_pilot_vbench-long/mce_b32_lambda1_pilot_vbench-long_mrw9c0r_,
mce_b32_lambda1_pilot,vbench-long,aesthetic_quality,0.4400985328740971,15,/lustre/fs1/home/ab575577/memcam_results/budget_metrics_60s_820776/task_074_mce_b32_lambda1_pilot_vbench-long/mce_b32_lambda1_pilot_vbench-long_mrw9c0r_,
mce_b32_lambda1_pilot,vbench-long,imaging_quality,0.479300114408787,15,/lustre/fs1/home/ab575577/memcam_results/budget_metrics_60s_820776/task_074_mce_b32_lambda1_pilot_vbench-long/mce_b32_lambda1_pilot_vbench-long_mrw9c0r_,
mce_b32_lambda1_pilot,cut3r,rotation_error_deg_mean,36.0744266,15,/lustre/fs1/home/ab575577/memcam_results/budget_metrics_60s_820776/task_075_mce_b32_lambda1_pilot_cut3r/mce_b32_lambda1_pilot_cut3r_jtva_i2f,False
mce_b32_lambda1_pilot,cut3r,translation_error_scale_only_mean,4.632504333333333,15,/lustre/fs1/home/ab575577/memcam_results/budget_metrics_60s_820776/task_075_mce_b32_lambda1_pilot_cut3r/mce_b32_lambda1_pilot_cut3r_jtva_i2f,False
mce_b32_lambda1_pilot,cut3r,translation_error_sim3_mean,2.565800133333333,15,/lustre/fs1/home/ab575577/memcam_results/budget_metrics_60s_820776/task_075_mce_b32_lambda1_pilot_cut3r/mce_b32_lambda1_pilot_cut3r_jtva_i2f,False
mce_b64_lambda1_pilot,quality,LPIPS,0.591435000777265,15,/home/ab575577/memcam_results/eval_prefix_duration_curves_60s_budget_sweep/mce_b64_lambda1_pilot/metrics.jsonl,
mce_b64_lambda1_pilot,quality,FVD,714.7966680508325,15,/home/ab575577/memcam_results/eval_prefix_duration_curves_60s_budget_sweep/mce_b64_lambda1_pilot/summary.json,
mce_b64_lambda1_pilot,vbench,subject_consistency,0.8073505426555524,15,/lustre/fs1/home/ab575577/memcam_results/budget_metrics_60s_820776/task_077_mce_b64_lambda1_pilot_vbench/vbench_yum4zdyq/results_2026-09-17-08:01:26_eval_results.json,
mce_b64_lambda1_pilot,vbench,background_consistency,0.9000021772775036,15,/lustre/fs1/home/ab575577/memcam_results/budget_metrics_60s_820776/task_077_mce_b64_lambda1_pilot_vbench/vbench_yum4zdyq/results_2026-09-17-08:01:26_eval_results.json,
mce_b64_lambda1_pilot,vbench,motion_smoothness,0.992524128914499,15,/lustre/fs1/home/ab575577/memcam_results/budget_metrics_60s_820776/task_077_mce_b64_lambda1_pilot_vbench/vbench_yum4zdyq/results_2026-09-17-08:01:26_eval_results.json,
mce_b64_lambda1_pilot,vbench,dynamic_degree,1.0,15,/lustre/fs1/home/ab575577/memcam_results/budget_metrics_60s_820776/task_077_mce_b64_lambda1_pilot_vbench/vbench_yum4zdyq/results_2026-09-17-08:01:26_eval_results.json,
mce_b64_lambda1_pilot,vbench,aesthetic_quality,0.4543238361676534,15,/lustre/fs1/home/ab575577/memcam_results/budget_metrics_60s_820776/task_077_mce_b64_lambda1_pilot_vbench/vbench_yum4zdyq/results_2026-09-17-08:01:26_eval_results.json,
mce_b64_lambda1_pilot,vbench,imaging_quality,0.506308261837894,15,/lustre/fs1/home/ab575577/memcam_results/budget_metrics_60s_820776/task_077_mce_b64_lambda1_pilot_vbench/vbench_yum4zdyq/results_2026-09-17-08:01:26_eval_results.json,
mce_b64_lambda1_pilot,vbench-long,subject_consistency,0.9526324166873176,15,/lustre/fs1/home/ab575577/memcam_results/budget_metrics_60s_820776/task_078_mce_b64_lambda1_pilot_vbench-long/mce_b64_lambda1_pilot_vbench-long_rtvpfs7e,
mce_b64_lambda1_pilot,vbench-long,background_consistency,0.9547265681076222,15,/lustre/fs1/home/ab575577/memcam_results/budget_metrics_60s_820776/task_078_mce_b64_lambda1_pilot_vbench-long/mce_b64_lambda1_pilot_vbench-long_rtvpfs7e,
mce_b64_lambda1_pilot,vbench-long,motion_smoothness,0.9926777284743826,15,/lustre/fs1/home/ab575577/memcam_results/budget_metrics_60s_820776/task_078_mce_b64_lambda1_pilot_vbench-long/mce_b64_lambda1_pilot_vbench-long_rtvpfs7e,
mce_b64_lambda1_pilot,vbench-long,dynamic_degree,0.9483870967741935,15,/lustre/fs1/home/ab575577/memcam_results/budget_metrics_60s_820776/task_078_mce_b64_lambda1_pilot_vbench-long/mce_b64_lambda1_pilot_vbench-long_rtvpfs7e,
mce_b64_lambda1_pilot,vbench-long,aesthetic_quality,0.4350704647200082,15,/lustre/fs1/home/ab575577/memcam_results/budget_metrics_60s_820776/task_078_mce_b64_lambda1_pilot_vbench-long/mce_b64_lambda1_pilot_vbench-long_rtvpfs7e,
mce_b64_lambda1_pilot,vbench-long,imaging_quality,0.48873420639379905,15,/lustre/fs1/home/ab575577/memcam_results/budget_metrics_60s_820776/task_078_mce_b64_lambda1_pilot_vbench-long/mce_b64_lambda1_pilot_vbench-long_rtvpfs7e,
mce_b64_lambda1_pilot,cut3r,rotation_error_deg_mean,33.485969866666665,15,/lustre/fs1/home/ab575577/memcam_results/budget_metrics_60s_820776/task_079_mce_b64_lambda1_pilot_cut3r/mce_b64_lambda1_pilot_cut3r_nfamluac,False
mce_b64_lambda1_pilot,cut3r,translation_error_scale_only_mean,4.6588082,15,/lustre/fs1/home/ab575577/memcam_results/budget_metrics_60s_820776/task_079_mce_b64_lambda1_pilot_cut3r/mce_b64_lambda1_pilot_cut3r_nfamluac,False
mce_b64_lambda1_pilot,cut3r,translation_error_sim3_mean,2.5629714666666668,15,/lustre/fs1/home/ab575577/memcam_results/budget_metrics_60s_820776/task_079_mce_b64_lambda1_pilot_cut3r/mce_b64_lambda1_pilot_cut3r_nfamluac,False
mce_b128_lambda1_pilot,quality,LPIPS,0.5923154023384339,15,/home/ab575577/memcam_results/eval_prefix_duration_curves_60s_budget_sweep/mce_b128_lambda1_pilot/metrics.jsonl,
mce_b128_lambda1_pilot,quality,FVD,691.3153220122308,15,/home/ab575577/memcam_results/eval_prefix_duration_curves_60s_budget_sweep/mce_b128_lambda1_pilot/summary.json,
mce_b128_lambda1_pilot,vbench,subject_consistency,0.8027918261383273,15,/lustre/fs1/home/ab575577/memcam_results/budget_metrics_60s_820776/task_081_mce_b128_lambda1_pilot_vbench/vbench_47d3y5mf/results_2026-09-17-08:38:30_eval_results.json,
mce_b128_lambda1_pilot,vbench,background_consistency,0.9007509108872441,15,/lustre/fs1/home/ab575577/memcam_results/budget_metrics_60s_820776/task_081_mce_b128_lambda1_pilot_vbench/vbench_47d3y5mf/results_2026-09-17-08:38:30_eval_results.json,
mce_b128_lambda1_pilot,vbench,motion_smoothness,0.9926828314371374,15,/lustre/fs1/home/ab575577/memcam_results/budget_metrics_60s_820776/task_081_mce_b128_lambda1_pilot_vbench/vbench_47d3y5mf/results_2026-09-17-08:38:30_eval_results.json,
mce_b128_lambda1_pilot,vbench,dynamic_degree,1.0,15,/lustre/fs1/home/ab575577/memcam_results/budget_metrics_60s_820776/task_081_mce_b128_lambda1_pilot_vbench/vbench_47d3y5mf/results_2026-09-17-08:38:30_eval_results.json,
mce_b128_lambda1_pilot,vbench,aesthetic_quality,0.4576400379339854,15,/lustre/fs1/home/ab575577/memcam_results/budget_metrics_60s_820776/task_081_mce_b128_lambda1_pilot_vbench/vbench_47d3y5mf/results_2026-09-17-08:38:30_eval_results.json,
mce_b128_lambda1_pilot,vbench,imaging_quality,0.4982479995741474,15,/lustre/fs1/home/ab575577/memcam_results/budget_metrics_60s_820776/task_081_mce_b128_lambda1_pilot_vbench/vbench_47d3y5mf/results_2026-09-17-08:38:30_eval_results.json,
mce_b128_lambda1_pilot,vbench-long,subject_consistency,0.9522761886226824,15,/lustre/fs1/home/ab575577/memcam_results/budget_metrics_60s_820776/task_082_mce_b128_lambda1_pilot_vbench-long/mce_b128_lambda1_pilot_vbench-long_tr3rdvw8,
mce_b128_lambda1_pilot,vbench-long,background_consistency,0.9555822150236244,15,/lustre/fs1/home/ab575577/memcam_results/budget_metrics_60s_820776/task_082_mce_b128_lambda1_pilot_vbench-long/mce_b128_lambda1_pilot_vbench-long_tr3rdvw8,
mce_b128_lambda1_pilot,vbench-long,motion_smoothness,0.9928378948922225,15,/lustre/fs1/home/ab575577/memcam_results/budget_metrics_60s_820776/task_082_mce_b128_lambda1_pilot_vbench-long/mce_b128_lambda1_pilot_vbench-long_tr3rdvw8,
mce_b128_lambda1_pilot,vbench-long,dynamic_degree,0.9333333333333333,15,/lustre/fs1/home/ab575577/memcam_results/budget_metrics_60s_820776/task_082_mce_b128_lambda1_pilot_vbench-long/mce_b128_lambda1_pilot_vbench-long_tr3rdvw8,
mce_b128_lambda1_pilot,vbench-long,aesthetic_quality,0.43932442242099395,15,/lustre/fs1/home/ab575577/memcam_results/budget_metrics_60s_820776/task_082_mce_b128_lambda1_pilot_vbench-long/mce_b128_lambda1_pilot_vbench-long_tr3rdvw8,
mce_b128_lambda1_pilot,vbench-long,imaging_quality,0.4809920363217699,15,/lustre/fs1/home/ab575577/memcam_results/budget_metrics_60s_820776/task_082_mce_b128_lambda1_pilot_vbench-long/mce_b128_lambda1_pilot_vbench-long_tr3rdvw8,
mce_b128_lambda1_pilot,cut3r,rotation_error_deg_mean,32.5765936,15,/lustre/fs1/home/ab575577/memcam_results/budget_metrics_60s_820776/task_083_mce_b128_lambda1_pilot_cut3r/mce_b128_lambda1_pilot_cut3r_f6kaf_6a,False
mce_b128_lambda1_pilot,cut3r,translation_error_scale_only_mean,4.6693582,15,/lustre/fs1/home/ab575577/memcam_results/budget_metrics_60s_820776/task_083_mce_b128_lambda1_pilot_cut3r/mce_b128_lambda1_pilot_cut3r_f6kaf_6a,False
mce_b128_lambda1_pilot,cut3r,translation_error_sim3_mean,2.6491739333333335,15,/lustre/fs1/home/ab575577/memcam_results/budget_metrics_60s_820776/task_083_mce_b128_lambda1_pilot_cut3r/mce_b128_lambda1_pilot_cut3r_f6kaf_6a,False
