run,profiles,complete,incomplete,policy,budget,duration_sec,frames,bank_device,archive_frames_max,archive_rgb_peak_mib,archive_features_logical_peak_mib,host_rss_sampled_peak_gib,torch_allocated_rollout_peak_gib,torch_reserved_rollout_peak_gib,mean_rollout_s,mean_context_selection_total_s,mean_context_selection_mean_s_per_section,mean_memory_policy_update_total_s,mean_memory_policy_update_mean_s_per_section,mean_bank_store_total_s
context_180s/latency_vram_pareto/ri_b32_gpu_smoke,1,0,1,rarity_irreplaceability,32,180,5397,cuda,,,,,,,,,,,,
context_memory_60s/coverage_hysteresis_b32_t0p90_s75_r25_k3,15,15,0,coverage_hysteresis,32,60,1825,cpu,32,41.25,1.593994140625,4.737548828125,16.308743476867676,18.513671875,3936.242415153402,63.746678551009005,2.771594719609087,33.60749599999884,1.400312333333285,0.01545799958985299
context_memory_60s/density_b32_view_coverage,15,15,0,density_balanced_view_coverage,32,60,1825,cpu,32,41.25,1.593994140625,4.840507507324219,16.308743476867676,18.513671875,3855.660760542657,90.02397645478293,3.914085932816649,29.025231491968345,1.2093846454986812,0.026431936041141548
context_memory_60s/fifo_b16,15,15,0,fifo,16,60,1825,cpu,16,20.625,0.0,4.748699188232422,15.98246955871582,18.3515625,3755.9477811889724,35.16199991824105,1.5287826051409155,0.128896118948857,0.0053706716228690415,0.06021370841190219
context_memory_60s/future_view_coverage_b32_pilot,3,3,0,future_view_coverage,32,60,1825,cpu,32,41.25,1.593994140625,4.812477111816406,16.308743476867676,18.513671875,3870.708971358215,86.45607058051974,3.75895959045738,28.753530311708648,1.1980637629878603,0.03189310307304064
context_memory_60s/kcenter_b128,15,15,0,kcenter_coreset,128,60,1825,cpu,128,165.0,90.90747833251953,4.781330108642578,16.308743476867676,18.513671875,4120.743883045887,361.0404586450507,15.697411245436989,34.622717407966654,1.442613225331944,0.04504670919850469
context_memory_60s/kcenter_b16,15,15,0,kcenter_coreset,16,60,1825,cpu,16,20.625,90.90747833251953,4.825832366943359,16.308743476867676,18.513671875,3788.36290330831,43.623200419234735,1.8966608877928144,29.652223977539688,1.235509332397487,0.10603638694932063
context_memory_60s/kcenter_b32,15,15,0,kcenter_coreset,32,60,1825,cpu,32,41.25,90.90747833251953,4.865077972412109,16.308743476867676,18.513671875,3901.0292089022073,89.76612402998532,3.9028749578254485,29.97496453002095,1.2489568554175396,0.13009934419145186
context_memory_60s/kcenter_b64,15,15,0,kcenter_coreset,64,60,1825,cpu,64,82.5,90.90747833251953,4.898612976074219,16.308743476867676,18.615234375,3995.5633802074008,182.14607110212867,7.919394395744725,31.890724870717772,1.3287802029465738,0.05447414709875981
context_memory_60s/mce_b128_lambda1_pilot,15,15,0,mce,128,60,1825,cpu,128,165.0,6.375,4.760051727294922,16.308743476867676,18.513671875,4172.4611256631715,357.6443653405023,15.549755014804449,26.14249778535838,1.0892707410565992,0.3272902062162757
context_memory_60s/mce_b16_lambda1_pilot,15,15,0,mce,16,60,1825,cpu,16,20.625,0.796875,4.891551971435547,16.308743476867676,18.513671875,3854.375408482117,43.11705443073685,1.8746545404668196,24.78804339837904,1.0328351415991266,1.6398204403308532
context_memory_60s/mce_b32_lambda08_pilot,3,3,0,mce,32,60,1825,cpu,32,41.25,1.59375,4.703857421875,16.308743476867676,18.513671875,3937.4653271663315,87.55063655289511,3.8065494153432655,25.598866620411474,1.066619442517145,0.628358737565577
context_memory_60s/mce_b32_lambda1_pilot,15,15,0,mce,32,60,1825,cpu,32,41.25,1.59375,4.9556732177734375,16.308743476867676,18.513671875,3906.4451609535454,89.12695993470649,3.875085214552456,25.092511224001647,1.0455213010000686,0.8726219565918049
context_memory_60s/mce_b32_pilot,3,3,0,mce,32,60,1825,cpu,32,41.25,1.59375,4.857341766357422,16.308743476867676,18.513671875,3893.7565242353207,88.35221758702149,3.841400764653108,27.045906204419833,1.126912758517493,0.4648598829905192
context_memory_60s/mce_b32_rarity10_pilot,3,3,0,mce,32,60,1825,cpu,32,41.25,1.59375,4.671993255615234,16.308743476867676,18.513671875,4067.622539926631,91.31558848669131,3.970242977682231,32.48247440904379,1.3534364337101579,0.7668689767209192
context_memory_60s/mce_b64_lambda1_pilot,15,15,0,mce,64,60,1825,cpu,64,82.5,3.1875,4.847991943359375,16.308743476867676,18.513671875,3996.1731233933942,180.63273651789254,7.853597239908371,25.61374253453687,1.0672392722723696,0.3784478802854816
context_memory_60s/rarity_b32_k3,15,15,0,rarity_only,32,60,1825,cpu,32,41.25,1.593994140625,4.8956756591796875,16.308743476867676,18.513671875,3893.646180405068,89.16610209021407,3.8767870474006116,30.952290228230414,1.2896787595096006,0.037657668651081624
context_memory_60s/ri_b128_dino_rgb,3,3,0,rarity_irreplaceability,128,60,1825,cpu,128,165.0,6.3759765625,4.851432800292969,16.308743476867676,18.513671875,4181.65155058556,358.8295571206448,15.601285092201948,36.02779335419958,1.5011580564249825,0.04590953188017011
context_memory_60s/ri_b16_dino_rgb,15,15,0,rarity_irreplaceability,16,60,1825,cpu,16,20.625,0.7969970703125,4.8351593017578125,16.308743476867676,18.513671875,3854.7132248898347,43.28596476806948,1.8819984681769342,26.677852074522526,1.1115771697717718,0.010573990860333045
context_memory_60s/ri_b32_dino_rgb_k3,15,15,0,rarity_irreplaceability,32,60,1825,cpu,32,41.25,1.593994140625,4.766326904296875,16.308743476867676,18.513671875,3873.6347961826873,91.13390333838761,3.962343623408157,30.08333012908697,1.253472088711957,0.024001448384175696
context_memory_60s/slam_b128_covisibility,12,12,0,slam_covisibility,128,60,1825,cpu,128,165.0,6.3759765625,4.692111968994141,16.308743476867676,18.513671875,4186.864653726846,357.4535950173934,15.54146065293015,32.14204261704193,1.3392517757100804,0.9781643252354115
context_memory_60s/slamrarity_b32_s75_r25_k3,15,15,0,slam_rarity_blend,32,60,1825,cpu,32,41.25,1.593994140625,4.904991149902344,16.308743476867676,18.513671875,4052.541407220933,89.18470818325878,3.8775960079677727,33.42581029512803,1.3927420956303347,0.020430715129865953
context_memory_60s/slamri_b32_beta0p25_k3,15,15,0,slam_ri_blend,32,60,1825,cpu,32,41.25,1.593994140625,4.741035461425781,16.308743476867676,18.513671875,3909.5824193979615,89.57022478639459,3.89435759940846,30.707024228728066,1.2794593428636694,0.021911615350594122
context_memory_60s/slamri_b32_beta0p5,15,15,0,slam_ri_blend,32,60,1825,cpu,32,41.25,1.593994140625,4.816230773925781,16.308743476867676,18.513671875,4058.0489616234786,90.13698895651227,3.9189995198483594,30.095038164655367,1.253959923527307,0.01701321213816603
context_memory_60s/slamri_b32_beta0p75_k3,15,15,0,slam_ri_blend,32,60,1825,cpu,32,41.25,1.593994140625,4.695045471191406,16.308743476867676,18.513671875,3914.8860106724624,89.87315760316947,3.9075285914421514,32.476299309078605,1.3531791378782752,0.0191662171545128
context_memory_attention_30s/unbounded_attention_audit,10,10,0,unbounded,,30,913,cpu,913,1176.9140625,0.0,4.33038330078125,15.986810684204102,18.3203125,2611.754236013256,632.6627402412239,57.514794567383994,0.002508616540580988,0.000209051378381749,0.1557334976270795
context_memory_surprise_30s/surprise_b32_value,10,10,0,surprise_forcing,32,30,913,cpu,32,42.5390625,0.193359375,3.7205467224121094,15.982995986938477,18.357421875,1947.1162468308116,5.742432271642611,0.5220392974220555,0.21843284824863077,0.01820273735405256,0.01704938760958612
