task,run,evaluator,status,error,log,legacy_quality
0,baseline,quality,complete,,/lustre/fs1/home/ab575577/memcam_results/budget_metrics_60s_820776/task_000_baseline_quality/evaluate.log,"FVD,LPIPS"
1,baseline,vbench,complete,,/lustre/fs1/home/ab575577/memcam_results/budget_metrics_60s_820776/task_001_baseline_vbench/evaluate.log,
2,baseline,vbench-long,complete,,/lustre/fs1/home/ab575577/memcam_results/budget_metrics_60s_820776/task_002_baseline_vbench-long/evaluate.log,
3,baseline,cut3r,complete,,/lustre/fs1/home/ab575577/memcam_results/budget_metrics_60s_820776/task_003_baseline_cut3r/evaluate.log,
4,fifo_b16,quality,complete,,/lustre/fs1/home/ab575577/memcam_results/budget_metrics_60s_820776/task_004_fifo_b16_quality/evaluate.log,"FVD,LPIPS"
5,fifo_b16,vbench,complete,,/lustre/fs1/home/ab575577/memcam_results/budget_metrics_60s_820776/task_005_fifo_b16_vbench/evaluate.log,
6,fifo_b16,vbench-long,complete,,/lustre/fs1/home/ab575577/memcam_results/budget_metrics_60s_820776/task_006_fifo_b16_vbench-long/evaluate.log,
7,fifo_b16,cut3r,complete,,/lustre/fs1/home/ab575577/memcam_results/budget_metrics_60s_820776/task_007_fifo_b16_cut3r/evaluate.log,
8,fifo_b32,quality,complete,,/lustre/fs1/home/ab575577/memcam_results/budget_metrics_60s_820776/task_008_fifo_b32_quality/evaluate.log,"FVD,LPIPS"
9,fifo_b32,vbench,complete,,/lustre/fs1/home/ab575577/memcam_results/budget_metrics_60s_820776/task_009_fifo_b32_vbench/evaluate.log,
10,fifo_b32,vbench-long,complete,,/lustre/fs1/home/ab575577/memcam_results/budget_metrics_60s_820776/task_010_fifo_b32_vbench-long/evaluate.log,
11,fifo_b32,cut3r,complete,,/lustre/fs1/home/ab575577/memcam_results/budget_metrics_60s_820776/task_011_fifo_b32_cut3r/evaluate.log,
12,fifo_b64,quality,complete,,/lustre/fs1/home/ab575577/memcam_results/budget_metrics_60s_820776/task_012_fifo_b64_quality/evaluate.log,"FVD,LPIPS"
13,fifo_b64,vbench,complete,,/lustre/fs1/home/ab575577/memcam_results/budget_metrics_60s_820776/task_013_fifo_b64_vbench/evaluate.log,
14,fifo_b64,vbench-long,complete,,/lustre/fs1/home/ab575577/memcam_results/budget_metrics_60s_820776/task_014_fifo_b64_vbench-long/evaluate.log,
15,fifo_b64,cut3r,complete,,/lustre/fs1/home/ab575577/memcam_results/budget_metrics_60s_820776/task_015_fifo_b64_cut3r/evaluate.log,
16,fifo_b128,quality,complete,,/lustre/fs1/home/ab575577/memcam_results/budget_metrics_60s_820776/task_016_fifo_b128_quality/evaluate.log,"FVD,LPIPS"
17,fifo_b128,vbench,complete,,/lustre/fs1/home/ab575577/memcam_results/budget_metrics_60s_820776/task_017_fifo_b128_vbench/evaluate.log,
18,fifo_b128,vbench-long,complete,,/lustre/fs1/home/ab575577/memcam_results/budget_metrics_60s_820776/task_018_fifo_b128_vbench-long/evaluate.log,
19,fifo_b128,cut3r,complete,,/lustre/fs1/home/ab575577/memcam_results/budget_metrics_60s_820776/task_019_fifo_b128_cut3r/evaluate.log,
20,ri_b16_dino_rgb,quality,complete,,/lustre/fs1/home/ab575577/memcam_results/budget_metrics_60s_820776/task_020_ri_b16_dino_rgb_quality/evaluate.log,"FVD,LPIPS"
21,ri_b16_dino_rgb,vbench,complete,,/lustre/fs1/home/ab575577/memcam_results/budget_metrics_60s_820776/task_021_ri_b16_dino_rgb_vbench/evaluate.log,
22,ri_b16_dino_rgb,vbench-long,complete,,/lustre/fs1/home/ab575577/memcam_results/budget_metrics_60s_820776/task_022_ri_b16_dino_rgb_vbench-long/evaluate.log,
23,ri_b16_dino_rgb,cut3r,complete,,/lustre/fs1/home/ab575577/memcam_results/budget_metrics_60s_820776/task_023_ri_b16_dino_rgb_cut3r/evaluate.log,
24,ri_b32_dino_rgb,quality,complete,,/lustre/fs1/home/ab575577/memcam_results/budget_metrics_60s_820776/task_024_ri_b32_dino_rgb_quality/evaluate.log,"FVD,LPIPS"
25,ri_b32_dino_rgb,vbench,complete,,/lustre/fs1/home/ab575577/memcam_results/budget_metrics_60s_820776/task_025_ri_b32_dino_rgb_vbench/evaluate.log,
26,ri_b32_dino_rgb,vbench-long,complete,,/lustre/fs1/home/ab575577/memcam_results/budget_metrics_60s_820776/task_026_ri_b32_dino_rgb_vbench-long/evaluate.log,
27,ri_b32_dino_rgb,cut3r,complete,,/lustre/fs1/home/ab575577/memcam_results/budget_metrics_60s_820776/task_027_ri_b32_dino_rgb_cut3r/evaluate.log,
28,ri_b64_dino_rgb,quality,complete,,/lustre/fs1/home/ab575577/memcam_results/budget_metrics_60s_820776/task_028_ri_b64_dino_rgb_quality/evaluate.log,"FVD,LPIPS"
29,ri_b64_dino_rgb,vbench,complete,,/lustre/fs1/home/ab575577/memcam_results/budget_metrics_60s_820776/task_029_ri_b64_dino_rgb_vbench/evaluate.log,
30,ri_b64_dino_rgb,vbench-long,complete,,/lustre/fs1/home/ab575577/memcam_results/budget_metrics_60s_820776/task_030_ri_b64_dino_rgb_vbench-long/evaluate.log,
31,ri_b64_dino_rgb,cut3r,complete,,/lustre/fs1/home/ab575577/memcam_results/budget_metrics_60s_820776/task_031_ri_b64_dino_rgb_cut3r/evaluate.log,
32,ri_b128_dino_rgb,quality,complete,,/lustre/fs1/home/ab575577/memcam_results/budget_metrics_60s_820776/task_032_ri_b128_dino_rgb_quality/evaluate.log,"FVD,LPIPS"
33,ri_b128_dino_rgb,vbench,complete,,/lustre/fs1/home/ab575577/memcam_results/budget_metrics_60s_820776/task_033_ri_b128_dino_rgb_vbench/evaluate.log,
34,ri_b128_dino_rgb,vbench-long,complete,,/lustre/fs1/home/ab575577/memcam_results/budget_metrics_60s_820776/task_034_ri_b128_dino_rgb_vbench-long/evaluate.log,
35,ri_b128_dino_rgb,cut3r,complete,,/lustre/fs1/home/ab575577/memcam_results/budget_metrics_60s_820776/task_035_ri_b128_dino_rgb_cut3r/evaluate.log,
36,slam_b16_covisibility,quality,complete,,/lustre/fs1/home/ab575577/memcam_results/budget_metrics_60s_820776/task_036_slam_b16_covisibility_quality/evaluate.log,"FVD,LPIPS"
37,slam_b16_covisibility,vbench,complete,,/lustre/fs1/home/ab575577/memcam_results/budget_metrics_60s_820776/task_037_slam_b16_covisibility_vbench/evaluate.log,
38,slam_b16_covisibility,vbench-long,complete,,/lustre/fs1/home/ab575577/memcam_results/budget_metrics_60s_820776/task_038_slam_b16_covisibility_vbench-long/evaluate.log,
39,slam_b16_covisibility,cut3r,complete,,/lustre/fs1/home/ab575577/memcam_results/budget_metrics_60s_820776/task_039_slam_b16_covisibility_cut3r/evaluate.log,
40,slam_b32_covisibility,quality,complete,,/lustre/fs1/home/ab575577/memcam_results/budget_metrics_60s_820776/task_040_slam_b32_covisibility_quality/evaluate.log,"FVD,LPIPS"
41,slam_b32_covisibility,vbench,complete,,/lustre/fs1/home/ab575577/memcam_results/budget_metrics_60s_820776/task_041_slam_b32_covisibility_vbench/evaluate.log,
42,slam_b32_covisibility,vbench-long,complete,,/lustre/fs1/home/ab575577/memcam_results/budget_metrics_60s_820776/task_042_slam_b32_covisibility_vbench-long/evaluate.log,
43,slam_b32_covisibility,cut3r,complete,,/lustre/fs1/home/ab575577/memcam_results/budget_metrics_60s_820776/task_043_slam_b32_covisibility_cut3r/evaluate.log,
44,slam_b64_covisibility,quality,complete,,/lustre/fs1/home/ab575577/memcam_results/budget_metrics_60s_820776/task_044_slam_b64_covisibility_quality/evaluate.log,"FVD,LPIPS"
45,slam_b64_covisibility,vbench,complete,,/lustre/fs1/home/ab575577/memcam_results/budget_metrics_60s_820776/task_045_slam_b64_covisibility_vbench/evaluate.log,
46,slam_b64_covisibility,vbench-long,complete,,/lustre/fs1/home/ab575577/memcam_results/budget_metrics_60s_820776/task_046_slam_b64_covisibility_vbench-long/evaluate.log,
47,slam_b64_covisibility,cut3r,complete,,/lustre/fs1/home/ab575577/memcam_results/budget_metrics_60s_820776/task_047_slam_b64_covisibility_cut3r/evaluate.log,
48,slam_b128_covisibility,quality,complete,,/lustre/fs1/home/ab575577/memcam_results/budget_metrics_60s_820776/task_048_slam_b128_covisibility_quality/evaluate.log,"FVD,LPIPS"
49,slam_b128_covisibility,vbench,complete,,/lustre/fs1/home/ab575577/memcam_results/budget_metrics_60s_820776/task_049_slam_b128_covisibility_vbench/evaluate.log,
50,slam_b128_covisibility,vbench-long,complete,,/lustre/fs1/home/ab575577/memcam_results/budget_metrics_60s_820776/task_050_slam_b128_covisibility_vbench-long/evaluate.log,
51,slam_b128_covisibility,cut3r,complete,,/lustre/fs1/home/ab575577/memcam_results/budget_metrics_60s_820776/task_051_slam_b128_covisibility_cut3r/evaluate.log,
52,kcenter_b16,quality,complete,,/lustre/fs1/home/ab575577/memcam_results/budget_metrics_60s_820776/task_052_kcenter_b16_quality/evaluate.log,"FVD,LPIPS"
53,kcenter_b16,vbench,complete,,/lustre/fs1/home/ab575577/memcam_results/budget_metrics_60s_820776/task_053_kcenter_b16_vbench/evaluate.log,
54,kcenter_b16,vbench-long,complete,,/lustre/fs1/home/ab575577/memcam_results/budget_metrics_60s_820776/task_054_kcenter_b16_vbench-long/evaluate.log,
55,kcenter_b16,cut3r,complete,,/lustre/fs1/home/ab575577/memcam_results/budget_metrics_60s_820776/task_055_kcenter_b16_cut3r/evaluate.log,
56,kcenter_b32,quality,complete,,/lustre/fs1/home/ab575577/memcam_results/budget_metrics_60s_820776/task_056_kcenter_b32_quality/evaluate.log,"FVD,LPIPS"
57,kcenter_b32,vbench,complete,,/lustre/fs1/home/ab575577/memcam_results/budget_metrics_60s_820776/task_057_kcenter_b32_vbench/evaluate.log,
58,kcenter_b32,vbench-long,complete,,/lustre/fs1/home/ab575577/memcam_results/budget_metrics_60s_820776/task_058_kcenter_b32_vbench-long/evaluate.log,
59,kcenter_b32,cut3r,complete,,/lustre/fs1/home/ab575577/memcam_results/budget_metrics_60s_820776/task_059_kcenter_b32_cut3r/evaluate.log,
60,kcenter_b64,quality,complete,,/lustre/fs1/home/ab575577/memcam_results/budget_metrics_60s_820776/task_060_kcenter_b64_quality/evaluate.log,"FVD,LPIPS"
61,kcenter_b64,vbench,complete,,/lustre/fs1/home/ab575577/memcam_results/budget_metrics_60s_820776/task_061_kcenter_b64_vbench/evaluate.log,
62,kcenter_b64,vbench-long,complete,,/lustre/fs1/home/ab575577/memcam_results/budget_metrics_60s_820776/task_062_kcenter_b64_vbench-long/evaluate.log,
63,kcenter_b64,cut3r,complete,,/lustre/fs1/home/ab575577/memcam_results/budget_metrics_60s_820776/task_063_kcenter_b64_cut3r/evaluate.log,
64,kcenter_b128,quality,complete,,/lustre/fs1/home/ab575577/memcam_results/budget_metrics_60s_820776/task_064_kcenter_b128_quality/evaluate.log,"FVD,LPIPS"
65,kcenter_b128,vbench,complete,,/lustre/fs1/home/ab575577/memcam_results/budget_metrics_60s_820776/task_065_kcenter_b128_vbench/evaluate.log,
66,kcenter_b128,vbench-long,failed,"Command '['/home/ab575577/.conda/envs/memcam/bin/python', '/lustre/fs1/home/ab575577/MemCam/utils/run_matched_video_metrics.py', '--run', 'kcenter_b128', '--only', 'vbench-long', '--manifest', '/lustre/fs1/home/ab575577/memcam_results/budget_metrics_60s_820776/manifest.jsonl', '--results-root', '/lustre/fs1/home/ab575577/memcam_results/context_memory_60s', '--output-root', '/lustre/fs1/home/ab575577/memcam_results/budget_metrics_60s_820776/task_066_kcenter_b128_vbench-long', '--vbench-root', '/lustre/fs1/home/ab575577/VBench']' returned non-zero exit status 1.",/lustre/fs1/home/ab575577/memcam_results/budget_metrics_60s_820776/task_066_kcenter_b128_vbench-long/evaluate.log,
67,kcenter_b128,cut3r,complete,,/lustre/fs1/home/ab575577/memcam_results/budget_metrics_60s_820776/task_067_kcenter_b128_cut3r/evaluate.log,
68,mce_b16_lambda1_pilot,quality,complete,,/lustre/fs1/home/ab575577/memcam_results/budget_metrics_60s_820776/task_068_mce_b16_lambda1_pilot_quality/evaluate.log,"FVD,LPIPS"
69,mce_b16_lambda1_pilot,vbench,complete,,/lustre/fs1/home/ab575577/memcam_results/budget_metrics_60s_820776/task_069_mce_b16_lambda1_pilot_vbench/evaluate.log,
70,mce_b16_lambda1_pilot,vbench-long,complete,,/lustre/fs1/home/ab575577/memcam_results/budget_metrics_60s_820776/task_070_mce_b16_lambda1_pilot_vbench-long/evaluate.log,
71,mce_b16_lambda1_pilot,cut3r,complete,,/lustre/fs1/home/ab575577/memcam_results/budget_metrics_60s_820776/task_071_mce_b16_lambda1_pilot_cut3r/evaluate.log,
72,mce_b32_lambda1_pilot,quality,complete,,/lustre/fs1/home/ab575577/memcam_results/budget_metrics_60s_820776/task_072_mce_b32_lambda1_pilot_quality/evaluate.log,"FVD,LPIPS"
73,mce_b32_lambda1_pilot,vbench,complete,,/lustre/fs1/home/ab575577/memcam_results/budget_metrics_60s_820776/task_073_mce_b32_lambda1_pilot_vbench/evaluate.log,
74,mce_b32_lambda1_pilot,vbench-long,complete,,/lustre/fs1/home/ab575577/memcam_results/budget_metrics_60s_820776/task_074_mce_b32_lambda1_pilot_vbench-long/evaluate.log,
75,mce_b32_lambda1_pilot,cut3r,complete,,/lustre/fs1/home/ab575577/memcam_results/budget_metrics_60s_820776/task_075_mce_b32_lambda1_pilot_cut3r/evaluate.log,
76,mce_b64_lambda1_pilot,quality,complete,,/lustre/fs1/home/ab575577/memcam_results/budget_metrics_60s_820776/task_076_mce_b64_lambda1_pilot_quality/evaluate.log,"FVD,LPIPS"
77,mce_b64_lambda1_pilot,vbench,complete,,/lustre/fs1/home/ab575577/memcam_results/budget_metrics_60s_820776/task_077_mce_b64_lambda1_pilot_vbench/evaluate.log,
78,mce_b64_lambda1_pilot,vbench-long,complete,,/lustre/fs1/home/ab575577/memcam_results/budget_metrics_60s_820776/task_078_mce_b64_lambda1_pilot_vbench-long/evaluate.log,
79,mce_b64_lambda1_pilot,cut3r,complete,,/lustre/fs1/home/ab575577/memcam_results/budget_metrics_60s_820776/task_079_mce_b64_lambda1_pilot_cut3r/evaluate.log,
80,mce_b128_lambda1_pilot,quality,complete,,/lustre/fs1/home/ab575577/memcam_results/budget_metrics_60s_820776/task_080_mce_b128_lambda1_pilot_quality/evaluate.log,"FVD,LPIPS"
81,mce_b128_lambda1_pilot,vbench,complete,,/lustre/fs1/home/ab575577/memcam_results/budget_metrics_60s_820776/task_081_mce_b128_lambda1_pilot_vbench/evaluate.log,
82,mce_b128_lambda1_pilot,vbench-long,complete,,/lustre/fs1/home/ab575577/memcam_results/budget_metrics_60s_820776/task_082_mce_b128_lambda1_pilot_vbench-long/evaluate.log,
83,mce_b128_lambda1_pilot,cut3r,complete,,/lustre/fs1/home/ab575577/memcam_results/budget_metrics_60s_820776/task_083_mce_b128_lambda1_pilot_cut3r/evaluate.log,
